"Program","xPONENT"
"Build","4.3.229.0"
"Date","08/14/2026","Time","14:32:11"
"SN","FM3D12345"
"Session","1"
"Operator","p.sosa"
"TemplateID",""
"TemplateName","SerologyQC_16plex"
"SampleVolume","50 uL"
"BatchAuthor","p.sosa"
"BatchDescription","Viral surveillance serology panel - synthetic"
"ProtocolName","IgG_16plex"
"ProtocolVersion","1"
"ProtocolPlate","Plate","1","1"
"Instrument Type","FLEXMAP 3D"
""
"Samples","384","Min Events","0"
""
"DataType:","Median"
"Location","Sample","Analyte.12","Analyte.18","Analyte.25","Analyte.33","Analyte.42","Analyte.45","Analyte.51","Analyte.56","Analyte.62","Analyte.70","Analyte.77","Analyte.85","Analyte.20","Analyte.90","Analyte.95","Analyte.100","Total Events"
"1(1,A1)","BLANK_P1_1",61.9,65.2,41.1,46.5,52.7,36.2,27,30,38.7,38.4,57.8,47,42.8,20,102.5,57.4,1186
"2(1,A2)","BLANK_P2_97",39,52,50.7,49.4,40.7,48.2,30.7,58.2,18.7,35.8,53.8,54.8,81.7,22.1,120.6,38.4,1308
"3(1,A3)","BLANK_P1_2",59.5,124.9,78.6,32.1,45,38.8,24.7,65.5,54.6,52.4,43.4,38.8,23.8,49.5,72.8,64,1222
"4(1,A4)","BLANK_P2_98",16.6,64.3,27.1,53.3,66.6,39,20.8,62.6,54.2,36.1,45.6,34.5,36,33,164.3,87.3,1393
"5(1,A5)","CLIN-0001",3131.2,2991,92.8,7665,3603,68.7,9817.3,95.7,33,115.7,71.7,1772.6,4233,62,17637.5,47.8,1002
"6(1,A6)","CLIN-0093",1765.9,137.7,112.8,2232.3,36.4,3845.7,130.5,91.2,4792.2,2419.3,7651.4,168.4,3279,42.9,24206.6,153.9,972
"7(1,A7)","CLIN-0002",221.3,2926.8,63.2,68.9,6124.3,6010.6,68.9,11454.3,66.6,2435,4277.3,6834.4,2758.7,34.8,20461,35.5,1461
"8(1,A8)","CLIN-0094",11012.4,1317.6,8595.9,56.2,4481,78.9,2165.6,112.2,3908.4,865.7,4830.7,28912.5,4251.9,32.7,26469.5,80.5,1490
"9(1,A9)","CLIN-0003",52.5,69.8,3279.4,69.2,2932.5,605.6,53.8,4935.6,5575.6,483.1,3564.6,152.1,4588.3,46.8,23287.2,34.7,950
"10(1,A10)","CLIN-0095",38.6,53.8,1060.5,50131.3,30.6,57.5,7465.9,107.3,109.8,37.1,44,61,4377.4,30.4,26184,74.7,901
"11(1,A11)","CLIN-0004",11129.8,9429.8,3022.6,4925,3148.6,34.7,5362.6,1357,11722,2579.3,148.2,4889.2,5068,46.9,17860.2,46.6,801
"12(1,A12)","CLIN-0096",1600.6,125.7,54.8,6166.3,100.6,224.1,38.3,20293.1,122.5,58.1,6921.5,1260.4,3414.5,45.8,26393.3,63.3,907
"13(1,A13)","CLIN-0005",37.2,3414.1,68.6,95.1,1210.4,4396.3,87.5,71.9,77.9,74.4,106.6,41.2,4374,27.8,27946,50.8,893
"14(1,A14)","CLIN-0097",100.8,18168.5,122.3,2939,94,7429,12708.2,64.7,53.6,3211.9,3186.5,96.4,4264.6,48.5,22656.9,78.4,1395
"15(1,A15)","CLIN-0006",2763.4,3462.9,55.3,4842.7,77.1,93.4,6059.1,6330.7,70.4,32.2,1468.3,78.9,4646.4,40,24469.4,51.3,1147
"16(1,A16)","CLIN-0098",51.5,9328.6,6771.6,142.2,123.5,2474.6,15810.7,2805.4,11193.4,11538.1,72.5,51.1,1712.4,46.9,23234.8,59.6,996
"17(1,A17)","CLIN-0007",1602.5,71.3,5179.6,89.1,3216,1958.3,65.2,79,87.5,4623.7,165,129,12241.3,42.2,18906.6,47.1,1257
"18(1,A18)","CLIN-0099",4272,4669,127,71.3,2700.5,136.1,93.8,2057.3,186.4,2496.9,33.5,5157.6,3619,38.7,25848.3,53,888
"19(1,A19)","CLIN-0008",16911.1,81.8,32.3,48,10763.4,147.2,47.5,1469.6,4117.6,9601.1,63.2,42.5,2283.4,43.3,22527.5,149.3,1473
"20(1,A20)","CLIN-0100",5963.3,720.9,49.8,3890.8,2338.3,2277.6,97.4,60.9,816,78.5,5392.7,72.6,5181.3,24.6,20577.5,162,1393
"21(1,A21)","CLIN-0009",86.5,4153,1452.9,5784.7,7039.4,50.1,4686.5,44,85.7,155.9,46.7,13710.6,7295.4,91.3,16259.5,60.5,1000
"22(1,A22)","CLIN-0101",1417.4,52.7,85.4,3891.1,3867.5,88.9,80.3,3315.1,83.9,15353.3,5959.9,48.9,3991.7,22.3,19568.2,60.4,834
"23(1,A23)","CLIN-0010",1170,3130,8845,6005.5,52.2,11.6,22136.5,6587.1,94.5,2336.5,103.4,7195.2,15405.6,83.3,26114.7,32.3,1223
"24(1,A24)","CLIN-0102",62.3,22.6,117.4,49.8,10309.9,75.9,6333.6,4239.5,127.6,3532.8,9519.3,47.1,6141.7,44.5,21805.3,91.1,1534
"25(1,B1)","BLANK_P3_193",44.3,44.5,41.7,28.1,44.1,57.7,30,30.5,40.6,41.1,68.7,41.3,64.3,19.7,77.8,102.2,1244
"26(1,B2)","BLANK_P4_289",45.7,37.7,45,76.1,38.1,35.6,18.9,59.9,26.3,62.5,40.6,44.8,29.8,18.3,119.1,67.1,944
"27(1,B3)","BLANK_P3_194",51.1,44.1,40.6,36.6,52.1,44,62.9,50,31.3,62.8,59.9,49.6,106.9,30.1,136.1,113.2,937
"28(1,B4)","BLANK_P4_290",57.9,71.6,39.4,32,59.3,66,49.1,90.6,16.2,71.5,57.8,72.6,59.8,52,173,75.5,933
"29(1,B5)","CLIN-0185",86.6,3924.5,58,54.6,110.9,8655.3,3821,44.5,8746.3,4032.6,7232.2,65.9,3446.8,31.9,21479.6,99.4,931
"30(1,B6)","CLIN-0277",3387.2,58.4,3433.3,4089.9,20165.3,876.3,1708.6,61.9,3545.3,122.5,35.9,10281,3662.3,34.4,22847.9,79.6,1307
"31(1,B7)","CLIN-0186",26.4,8200.6,185,2814,111.8,7494.1,153,44.5,48.3,11840.2,31.8,9379.1,1166.8,31.8,15886.2,135.7,1515
"32(1,B8)","CLIN-0278",67.4,6251.6,68.8,6556.7,4114,20556.1,7298.7,36.7,5003.8,3487.8,68.3,52.4,4332.2,23.1,18212,54.3,1137
"33(1,B9)","CLIN-0187",1350.6,75,75.9,153.9,83.3,4089.6,51.2,2820.5,52.6,8619.1,1833.7,48.2,7874.8,16.2,28145.7,44.3,990
"34(1,B10)","CLIN-0279",102.2,98.2,52.4,4639.3,78.8,4622.8,42.2,2260.4,4574.1,2537.4,334.9,133.8,5325.1,18.5,23789.4,43.6,1433
"35(1,B11)","CLIN-0188",3740.4,1177.7,113.4,2207,49,84.7,112.7,29,6467.3,109,22497.1,80.7,11462.1,32.3,19624.4,62.2,1155
"36(1,B12)","CLIN-0280",143.6,73.6,44.8,1245.3,89.5,67,94.7,130.4,65.2,80.4,68.8,58.8,2020.9,32.8,20570.3,43.3,907
"37(1,B13)","CLIN-0189",2618.7,5123.3,138.3,3478.4,136.2,2792.6,2470.8,821.9,44.9,103.5,6722.8,2191.8,3134.2,25.2,24014.3,186.1,982
"38(1,B14)","CLIN-0281",153.2,129.3,3825.1,76.4,86.8,2540.8,43.7,6254.8,13901.7,192.1,42.2,52.4,2970.8,34.5,13232,93.1,1368
"39(1,B15)","CLIN-0190",4800.5,5059.1,7018.2,106.6,173.6,80.3,3257.8,101,202.4,8073.3,114.7,50.9,2456,42.3,16622.1,63.7,952
"40(1,B16)","CLIN-0282",5628.9,81.4,1950.6,60.3,5247.8,232.1,137.1,1173.2,112.4,1584.6,40.5,25727.1,899.6,19.6,19604.5,65.3,1439
"41(1,B17)","CLIN-0191",101.6,106.6,103.5,60.3,207.3,10673.5,843.8,6527.9,61.7,49.3,2111.4,37.3,3663.1,51.2,19280.9,195.1,1306
"42(1,B18)","CLIN-0283",76.4,147.9,2301.5,2401.5,126.9,3947.1,60.8,8585.1,7222.8,40.3,8218.5,194.3,1904.3,35.4,21351.6,56.5,1492
"43(1,B19)","CLIN-0192",5802.7,52.4,159.7,4011.5,7671.4,39.2,57.8,11474.1,3051.5,191,207.1,11948.8,2796.6,39.2,23615.3,88.7,1102
"44(1,B20)","CLIN-0284",5952,77.6,241.8,118.4,4745.9,11321.9,75.8,3170.8,51.2,1952.2,2593.4,105.8,16209.5,50.1,25886.7,62.1,1523
"45(1,B21)","CLIN-0193",1969.4,3482.4,50,3406.4,137.3,1003,111,2592.9,7476.5,3053.1,4888.5,11808.2,3669,36.7,22506.5,47.5,1306
"46(1,B22)","CLIN-0285",2911.5,162.6,899.2,41.6,1739.4,4527.8,2000.1,6365.2,93.2,94.6,3118.8,111,2933.1,35.8,22567.1,58.1,1369
"47(1,B23)","CLIN-0194",2900.7,98.8,262.1,82.8,52.8,119.9,94.5,102.5,28.9,1983,20586.6,13094.6,4348.4,84.6,26983.7,58.6,1352
"48(1,B24)","CLIN-0286",135.7,5100.7,2006.8,7158.1,89.2,69,5537,2962.6,45.8,36,80.3,9289.5,1844.2,31.2,29906.1,68.1,1492
"49(1,C1)","POOL_P1_13",1388.8,2839.7,3192.9,1962.7,3270.7,2664.4,2556.3,3462.7,2741.2,2484.3,2036.3,2704.3,2531.7,32,20121.3,42.9,863
"50(1,C2)","POOL_P2_109",1905.7,3238.8,3183,3154.3,3502.8,2085.5,2038.1,3235,2387.1,3057.7,2283.4,1747.7,3897.5,27,26170.3,115.1,1278
"51(1,C3)","POOL_P1_14",2621.5,4116.1,2881,2117.5,2218.9,1860.9,2640.4,2500,2923.6,1927.6,2138.5,2309.4,6249.2,52.1,17031.1,25.3,1511
"52(1,C4)","POOL_P2_110",1843.9,2870.5,1678.5,2955.5,3145.1,2476.8,2802.1,2190.3,3092.4,3204.3,3039.2,3096.4,6827.4,55.1,25013.4,103.1,1559
"53(1,C5)","CLIN-0011",65.2,26.4,9864.7,56.5,2157,2174.2,5648.1,1195.2,5764.4,127.6,121.4,1847.6,1325.1,26.6,18040,47.7,1293
"54(1,C6)","CLIN-0103",10396.4,87.8,8685.4,1232.2,41.1,6849.8,75.1,52.7,1638.4,76.6,4203.1,3165.2,10128.9,27.5,20969.3,115.5,1335
"55(1,C7)","CLIN-0012",5257.1,8047.5,86.3,83.2,5175.9,1725.7,2103.2,3632.4,29.9,126.1,2431.9,108.9,5685.3,22.4,21601.1,147.4,1456
"56(1,C8)","CLIN-0104",45.4,74.6,65.2,1005.1,36,8128,53.8,46,60.2,163.2,5530.7,6109.2,3006.4,45.1,29222.6,114.7,1470
"57(1,C9)","CLIN-0013",65.9,2739.7,75.6,118.7,9650.6,3510,36.2,91.2,6151.2,4318,3042.5,167.5,2751,47.5,26495.5,54,1134
"58(1,C10)","CLIN-0105",28.7,18607.3,45.4,427.1,9600.5,68.7,2457.8,4402.6,7271.8,94.3,49.1,1425.4,1940.3,31.1,26163.5,64,1112
"59(1,C11)","CLIN-0014",87.9,53.9,3626.6,49.2,118,1949,270.3,60.5,66.2,110.6,35.9,2951.7,3538.8,21.9,28754.5,66.4,951
"60(1,C12)","CLIN-0106",117.2,1225.6,70.5,97.8,60.7,85.8,45.1,40.9,35,53.7,82.7,47.3,2442.5,50.4,22018.1,39.3,945
"61(1,C13)","CLIN-0015",29.3,123.1,79,3870.2,4038,120.6,109,50.9,3749.9,41.5,3420.3,31,2363.7,28.3,15934.8,26.7,1144
"62(1,C14)","CLIN-0107",10547.5,34.6,9559.9,80.6,80.6,2070,74.5,178.9,95.5,160.9,156.7,826.5,1265.2,26.9,25548.6,60.7,840
"63(1,C15)","CLIN-0016",133.6,54.7,192.2,142.9,70,9695.1,204,60.8,2903.8,44.5,52.6,76.8,1232.7,29.1,21343.8,114.2,997
"64(1,C16)","CLIN-0108",102.5,3599.4,10853.9,3149,5855.1,116.8,4216.2,100.9,8825.6,55.6,99.1,1592.6,2263.7,23.6,21547.1,79.5,973
"65(1,C17)","CLIN-0017",172.1,87.1,918.7,83.4,14908.5,4448.8,192,3051.9,3602.4,1504.9,85.1,26.3,2795.1,23.9,23544.8,67.8,1070
"66(1,C18)","CLIN-0109",2898.2,77.7,2349.3,1098.1,3282.4,9853.6,5682.6,31.4,129,5798.1,79.5,60.3,19899,71.1,24361.3,98.2,1312
"67(1,C19)","CLIN-0018",1375.8,20437.6,94.4,6767.6,66.8,17.7,99.7,3379.7,79.7,110.6,5971.7,49.9,4893.5,31.3,18341.7,57.5,1430
"68(1,C20)","CLIN-0110",142.7,2545,44.5,172.7,63.7,50.1,104,2676.4,3982.5,784.1,698.8,5850.2,1377.4,27.6,18933.7,39.4,1293
"69(1,C21)","CLIN-0019",90.2,100.9,18385.3,8051.4,52.7,89.9,52.9,71.5,102,234.8,187.9,2725.7,2967.2,35.4,20264.6,103.2,910
"70(1,C22)","CLIN-0111",74.7,139.9,5808.5,2435,4997.8,52.4,69.9,3276.8,107.5,96.7,45.2,83.8,8606.3,42.1,19576,40.9,1339
"71(1,C23)","CLIN-0020",80.9,167.9,3101.8,34.4,72.9,9164.2,1932.5,95.5,77.3,99.2,3294.2,2862.3,9621.2,50.7,16384.3,117.5,970
"72(1,C24)","CLIN-0112",98.7,109.3,131.6,4166.5,2558.6,126.8,57.3,153.5,2493,9021.5,12268.8,111.4,6205.8,29.4,20446.3,54.6,1031
"73(1,D1)","POOL_P3_205",2645.5,3177.2,3082.4,1709,2750.3,3382.2,1652.4,2225,2537.5,2461.4,2677.1,2808,2216.8,21,25842.6,70,1081
"74(1,D2)","POOL_P4_301",1410.7,2760.9,2037.7,2235.5,2216.3,3973.1,2956.2,2179.4,2116.7,3562.7,2265.4,2032.2,5642.7,35.7,23784,42.2,1477
"75(1,D3)","POOL_P3_206",2719.8,1952.7,3161.8,2272.4,1764.8,2701.4,2251.2,4606,3197.3,1720.2,1763.7,2117.9,10252.3,70.6,22979.9,45.8,833
"76(1,D4)","POOL_P4_302",3202.2,2535.6,2341.8,2175.3,3261.4,2461.8,2521,2237.6,2680,3704.5,2625.5,2526.1,4907.3,41.4,18991.6,111.5,1028
"77(1,D5)","CLIN-0195",48.9,123.3,73.4,21,4173.3,115.3,36.3,3993.5,7992.2,4224.4,37.6,46,2903.9,25.4,22727.6,39.5,865
"78(1,D6)","CLIN-0287",10963,72.4,32.6,11135.3,15507.9,201.8,5771.9,5549.6,7425.8,4549.6,4783.6,615.5,4688,37.5,25749.1,37.7,1243
"79(1,D7)","CLIN-0196",76,110.3,7921.5,72.6,173.8,952.8,57.5,128.6,88.3,153.2,32.6,15839.8,1717.4,43,28705.2,84.2,1104
"80(1,D8)","CLIN-0288",64.7,4454.2,86.4,7188.5,66.8,57.7,40.2,7528.6,65.5,87.1,99.9,57.6,983.3,36.2,22618,61.8,1157
"81(1,D9)","CLIN-0197",58.3,5463.9,1368.3,63,2960.6,95.1,10102.8,69.7,53.2,91.2,77.9,2597,1309.9,32.5,20794.6,161.8,1270
"82(1,D10)","CLIN-0289",10801.6,85.8,6396,38.4,3761,79.2,1190.3,5792.8,1104.1,4007.2,3874.5,59.7,4793.4,77.9,26752.5,183.3,1131
"83(1,D11)","CLIN-0198",209.6,7031.7,1315.1,170.4,100.9,157.3,2504.4,2227.2,65.9,9894.3,1499.8,138.6,3451.4,33.5,18804.6,54.3,1337
"84(1,D12)","CLIN-0290",62.8,1296.3,15358.5,10116,1011.4,3152.2,107.6,35.8,44,1119.1,3533.8,4637.7,6221.9,26.7,20973.5,72.9,1081
"85(1,D13)","CLIN-0199",2600.5,8815.7,53.9,6438,6500.1,99.8,5524.4,60.5,5135.1,40.5,2171.5,47.1,2320.9,24.4,22242.8,72.4,1414
"86(1,D14)","CLIN-0291",3061.5,91.3,2363,93.2,2722.5,35.2,29228.1,7775.2,5243.1,1800.1,5735,3922.5,9247.4,37,23318.6,67.6,922
"87(1,D15)","CLIN-0200",9098.6,99.8,162,5785.6,68,102.3,1252.3,10032.8,91.6,1610.1,84.9,2561.9,11578.2,46.1,22197.5,76,1049
"88(1,D16)","CLIN-0292",72.4,32,66.6,4380.4,2921.1,64.6,1091.5,95.1,152.9,10079.3,201.8,41.4,1737.8,68.4,19746.6,50,1286
"89(1,D17)","CLIN-0201",7140.1,47.6,125.3,107.3,44,1216.6,22211.2,51.5,4189,2574.1,81.1,135.3,1196.6,42.6,19318.4,46.7,1038
"90(1,D18)","CLIN-0293",93.4,47,169.9,133.6,12710.3,148.7,3870.3,64.2,1508.7,2936.9,58.9,104.2,4605.9,20.4,21463.4,45.4,844
"91(1,D19)","CLIN-0202",2569.5,64.2,6595.1,2753.8,61.4,7013,296.9,3452.4,139.3,46.4,78.8,47.4,5377,42.2,21030.3,49.6,914
"92(1,D20)","CLIN-0294",55.2,1768.7,61.3,4183.1,5737.5,46.9,2955.2,55.5,80.4,1144.8,121.4,97.5,9791.9,61.6,20229.3,93,1525
"93(1,D21)","CLIN-0203",53,79.5,2309.2,98.5,4997.8,72.6,128.2,34.2,115.5,77.1,72.6,53.7,1519.7,24.5,22537.9,49.6,1220
"94(1,D22)","CLIN-0295",124.8,2367.9,4217.5,4169.1,50.3,2758.2,8980.1,91.3,121.7,16033.7,170.7,81.2,4471.9,29.2,21992.5,27.6,1443
"95(1,D23)","CLIN-0204",83.8,62.2,153.6,43.5,83.5,8793.9,65.9,1771.4,68.8,1590.8,108.3,18.3,3241.8,15.7,24789.8,99.7,987
"96(1,D24)","CLIN-0296",77.5,84.6,966.6,92.2,50.2,48.4,2031.5,50.6,120.9,5738.1,245.7,5392.7,2311.2,44.4,21555.9,69.1,964
"97(1,E1)","CLIN-0021",330.6,2891.6,13546.5,115.5,80.9,113.9,116.1,1730.3,1511.8,4165.1,157.9,94.9,2481.4,39,24120.2,98.6,1444
"98(1,E2)","CLIN-0113",4971.7,9138.2,4884.2,58.8,247.3,17684.6,69.8,65.6,9575.4,52.4,9092.5,116.2,2604.7,37.8,28316.6,58.3,952
"99(1,E3)","CLIN-0022",5887,103.8,45.1,64.1,5411.9,56.2,113.5,53.9,1270.1,44187.2,6803.3,10560.4,2651.8,12.3,16008.2,95,1229
"100(1,E4)","CLIN-0114",11192.3,837.3,815.9,2334.1,86.2,1934.6,36.9,78,51.2,4548.7,1584.6,94.1,2943.2,30,19372.1,66.4,1101
"101(1,E5)","CLIN-0023",216.7,31.5,154,104,84.1,116.3,6763.2,95.4,12840.2,107,34.8,108.8,6869.9,50.8,22072.8,109.9,948
"102(1,E6)","CLIN-0115",17166.3,8455.6,100.8,3612.5,2736.1,279.8,132.5,2010.1,46.5,195.2,1789.2,13447.9,2647.2,32.2,16607.7,82.8,1347
"103(1,E7)","CLIN-0024",8228.1,10216.7,2353.1,6585.6,63.4,110.7,64.8,4993.2,94.2,36.6,129.7,3764.9,3088.9,58.7,20816.9,95.7,1269
"104(1,E8)","CLIN-0116",4854.4,153.9,71.5,51.4,92.7,62,98.4,172.3,71.2,90,1183.2,62.9,1963.2,46.8,23173.5,47.2,1381
"105(1,E9)","CLIN-0025",85.1,6274.6,128,4469,3379.6,4695.2,123.8,659.4,1738.3,216.7,3364.8,12810.9,10571.1,30.7,24775.2,44.3,1317
"106(1,E10)","CLIN-0117",2876,8593.9,6539.3,54.3,5833.7,90.5,131.7,108.3,109.4,4385.3,12018.3,45.7,2028.1,52.6,24272.7,75.2,934
"107(1,E11)","CLIN-0026",78,154.4,68.8,80.8,97,193.4,106.5,150.6,6835.6,4672.9,64.9,3577.3,1958.6,47.5,23357.9,68.5,985
"108(1,E12)","CLIN-0118",62.5,72.9,98.5,64.8,109.5,5140.1,10984.5,36.1,86.3,2382.1,72.5,56.4,3362.6,41.2,20715.9,80.3,1524
"109(1,E13)","CLIN-0027",56.7,60.1,63.2,76,9242.5,65.2,5129.3,68.3,99.6,57,107.8,63.1,1882.1,29.3,21728.4,48.7,1415
"110(1,E14)","CLIN-0119",40.2,5762.5,68.3,53.4,3624.4,57.7,52.3,2640.9,14647.4,65,130.1,70.6,3343.6,21.6,24108.2,93,1122
"111(1,E15)","CLIN-0028",887.7,8258.7,152.9,2421.9,3972,4928.2,12402.5,71.1,46.6,2536.4,5227.5,84.3,3268.1,26.3,20801.9,48.9,1389
"112(1,E16)","CLIN-0120",51.7,55.8,43.9,88.8,56.7,1288.8,199.6,2535.7,53.6,8100.5,2016.2,47.3,2598.6,58,20341.6,70.3,1267
"113(1,E17)","CLIN-0029",10844.8,98.4,7152.6,5503.9,19.3,45.2,5154.1,19192.8,80.6,57.6,6431.4,140.9,8153.7,32,19282.3,45.8,903
"114(1,E18)","CLIN-0121",74.9,57.3,5045.4,95.3,2452.5,111.3,2014.7,108.6,899,36.1,3157,43.7,2999.2,41.6,21074.8,148.8,852
"115(1,E19)","CLIN-0030",97.9,3807.1,64.5,9510,2202.1,101.7,44.9,2652.5,2590.3,2019.1,73,1379.5,3759.7,47,18534.5,53.5,1471
"116(1,E20)","CLIN-0122",1418.3,33.6,4524.4,79.1,155.3,12433.5,9122.5,28.1,292.5,94.4,113.5,108.9,6563.4,36.5,24676.8,66.8,834
"117(1,E21)","CLIN-0031",91.5,184.2,39.4,41.3,76.7,91.4,674,959.3,42.7,1132.9,52.6,65.2,1087.6,24.4,23960.8,84.7,820
"118(1,E22)","CLIN-0123",6571.3,9532.6,9887.3,47.1,149.4,3018.8,53.5,14140.9,22835.5,96.6,73.8,48.6,1837,34.3,20890.5,74.5,1048
"119(1,E23)","CLIN-0032",6251.3,59.9,166.2,2708.4,13620.8,1405.8,16857,6308.8,20699,93.7,147,99.8,10884.5,33.1,19314.5,90.8,1048
"120(1,E24)","CLIN-0124",139.8,64.6,117.4,5164.8,181.9,74.8,28.8,97,41.6,83.6,187.5,3034.6,6230.8,35.9,23137.4,47.1,979
"121(1,F1)","CLIN-0205",4927.7,55.7,2632.5,3810.4,130,565.5,1458.3,52.2,53.9,37.7,2066.9,4223,3496.2,29.3,21569,74,1596
"122(1,F2)","CLIN-0297",66.7,3067.1,151.7,76.1,66.9,113.9,4272.4,3233.4,3743.7,1689.6,6956,5164.2,7069.6,17.8,25795.2,77.8,825
"123(1,F3)","CLIN-0206",51.7,142.7,14649.6,3394,3353.3,43.9,58.9,1259,771.9,99.8,155.1,4379.6,5537.1,40.7,22528.1,81.9,914
"124(1,F4)","CLIN-0298",3862.5,95.1,36.6,68.8,74.9,13184.5,4552.4,7229.8,19622.6,5310.3,77,108.2,10720.7,44.7,21647.3,74.7,950
"125(1,F5)","CLIN-0207",103.9,7411.4,33.3,139.1,58.9,120.6,291.9,5344,14152,30.4,67.9,135.4,7201.1,34.4,22856.3,42.3,1549
"126(1,F6)","CLIN-0299",3731.8,5653.7,91.3,58.9,1538.8,53.7,158.4,63.3,94.1,3731.7,32.5,1522.4,3399.5,80.3,21111.1,62.9,1083
"127(1,F7)","CLIN-0208",46.9,147.4,2981.6,62.6,638.7,40.3,59.3,13666.3,72.4,106.4,28.1,68.5,5361,40.1,24760.1,38,1296
"128(1,F8)","CLIN-0300",140,2285.5,102.8,99,4922.5,72.2,54.6,91.7,131.2,105.4,7527.5,206.4,4838,33.1,14758.4,39.2,1222
"129(1,F9)","CLIN-0209",5836,675.9,948.9,97.5,2455.1,47.2,4397.8,2283,221.8,35.8,85.4,6374.6,6404.9,30.8,27779.1,58.4,1267
"130(1,F10)","CLIN-0301",135.3,122.3,71,2806.5,99.3,13087.9,4364.5,139.7,99,2190.2,3304.7,53.8,5507.9,27.5,20842.9,48.5,1454
"131(1,F11)","CLIN-0210",2280.9,85.6,167.2,3181.1,14853,7423.4,100,114.6,6338.8,170.4,14635.8,2125.7,1771.7,41.2,27484.9,54.3,876
"132(1,F12)","CLIN-0302",13509.1,14856.8,4888.1,67.3,2483,92.3,172.9,138.4,2069.4,104.9,11138,109.4,6987.6,24,22576.6,55.9,1365
"133(1,F13)","CLIN-0211",886.9,4523.7,138,2802.5,2627.3,74.7,4959.4,4786.3,98.2,83.2,131.3,115.4,3011.2,23.8,27141.7,97.2,1599
"134(1,F14)","CLIN-0303",5330.8,95.7,6641.8,7093.4,1481.1,8694.7,80.6,2545.6,77.8,60.6,151.4,72.8,5995.1,37.5,21747.6,64.7,1091
"135(1,F15)","CLIN-0212",91.6,205.9,57.2,90.6,8939.7,51.7,94.4,719.1,131.7,76.5,28.3,113.4,2845.3,54.8,21497.3,104.4,1215
"136(1,F16)","CLIN-0304",124.9,52.6,99.5,5430.6,57.6,69.4,12825.6,2791.3,2119.9,1698.9,42.8,52.5,1897.7,36.2,21276.8,98.5,1282
"137(1,F17)","CLIN-0213",111.6,152.3,2674.9,61.9,77.4,4927.2,53.5,168.7,876.8,53.9,13803.9,92.6,2403.1,31.2,19448.8,60.5,1312
"138(1,F18)","CLIN-0305",2991.1,133.3,8920.6,1189.3,149.6,113.9,45.7,5621.3,9294,4869.8,69.6,1519,4225.6,38.3,20887.4,44,1149
"139(1,F19)","CLIN-0214",6183.4,7093.9,89.7,6663.7,9322.6,69.3,126.3,63.4,5551.2,4304.4,29.4,124.8,13417.3,28.4,20629.8,59.1,1477
"140(1,F20)","CLIN-0306",77.3,91.6,2280.1,113.5,76.9,63.4,48.3,4893.5,4049.9,141.5,114.4,167.1,4785.7,45.6,25151.9,70.2,1189
"141(1,F21)","CLIN-0215",112.1,5921.9,5034.4,96.2,894.5,104.6,74,1680.6,5916.7,124.4,1054,51.4,2628.1,72.3,23463.7,73.6,1027
"142(1,F22)","CLIN-0307",5484.4,59.5,81.7,167.8,69.1,4654,76.7,3232.4,156.4,4441.8,35.3,109.4,2168.3,20.7,24647.7,101.3,1405
"143(1,F23)","CLIN-0216",2154.4,156.9,11575.8,69.2,126.4,54.1,2632.2,62.3,6772.6,66.8,80.8,3260.4,1538.6,40.9,26303.4,48.4,1104
"144(1,F24)","CLIN-0308",209.5,2309.4,6582.2,8609.3,126.3,43.5,5876.6,1523,55.5,113.3,2375.5,126.5,14702.6,85.5,27491.4,53.4,1363
"145(1,G1)","CLIN-0033",71.5,78.7,18079,62.2,90.4,93.3,66.5,4512.3,8758.4,1255.3,8433.9,41.8,2477,27,24043.7,56.5,1452
"146(1,G2)","CLIN-0125",99.5,6829.8,63.6,254,3276.1,54.7,4439.4,14750.7,5722.1,6767.9,1261,2840.1,1996.1,68.5,19624.8,80.1,1193
"147(1,G3)","CLIN-0034",34.3,49.6,135.1,2309.2,36,58,113.6,21.5,77.7,75.7,119.4,50.2,1348.3,16.7,21843.5,69.9,945
"148(1,G4)","CLIN-0126",4464.8,5795.4,2289,84.9,58.9,6626.1,129.9,2133.9,614.9,109.2,5235.1,60,15125.8,21.6,21721.4,49,1480
"149(1,G5)","CLIN-0035",2100.7,3375.6,58.1,3755.1,152.7,7370,90.4,74.1,73.4,6006.8,75.9,82.3,1855.3,18.2,20826.1,27,967
"150(1,G6)","CLIN-0127",34.2,83.2,70.5,152.6,145.9,80.7,105.9,41.7,14205.7,84.3,2890.6,59.1,815.7,22.2,19052.7,85.6,932
"151(1,G7)","CLIN-0036",58.9,1953.4,79,65.3,285.1,84.2,1660.6,1696.5,16984.7,1616,50.2,164.9,3079.2,57.2,20346.5,35.7,1236
"152(1,G8)","CLIN-0128",282.3,120.5,125.6,10735.4,52.2,90.2,10335.1,63.4,7830.1,2726.2,6611.8,1448.9,4857.1,36.3,21233.6,57.2,1556
"153(1,G9)","CLIN-0037",11760.4,76.7,68.4,3168.4,118.9,1436.2,1535.8,7216,2548.4,145.3,30.1,71.4,6045.5,46.4,20474.7,79,840
"154(1,G10)","CLIN-0129",65.2,118.1,4653.4,10712.9,21300.6,2816.5,173.5,10111,2369.6,3392.2,6487.3,2261.3,4921.7,62.8,25139.1,52.8,1115
"155(1,G11)","CLIN-0038",2668.5,3462.5,1880.1,178.2,11277.7,7622.4,954.9,3335.3,92.1,39098.6,43.4,148.1,8215.9,41.4,20523.3,50.7,1103
"156(1,G12)","CLIN-0130",8936.5,118.2,2117.4,3577.7,2061.1,6569.1,6327.6,2021.5,85.9,5770.6,6345.6,2072.4,4423.2,29.6,22140.9,55.5,1379
"157(1,G13)","CLIN-0039",859.6,88.9,2651.4,49.9,860.1,73,32.2,125.6,61.5,125.1,142.9,8632.3,8325.1,29.1,19836.5,64.7,1249
"158(1,G14)","CLIN-0131",2561.3,92.1,76.1,59,782.7,55.3,76.7,196.8,77.4,3960.9,77.8,47.1,3374,96,26743.8,111.6,953
"159(1,G15)","CLIN-0040",57.3,144.4,131.1,243.1,94,46.9,3663.3,92.9,165.5,87.1,3928.5,107.7,2995.1,42.4,17151.2,141.3,1055
"160(1,G16)","CLIN-0132",23.8,6007,31.7,10902.7,70,3011.3,5066.3,3884.8,84.7,6181.2,28466.3,74,2332.9,41,21461.3,119.4,1212
"161(1,G17)","CLIN-0041",65.8,47.2,151.9,91.6,3340.5,1887.6,35,102.1,100.2,4902.2,101.7,2327.1,4570.4,26.4,22852.1,93.8,923
"162(1,G18)","CLIN-0133",16356,889.8,55.1,3493,33.4,27.5,135.3,30.9,5281.1,119.5,17071.8,2194.3,3682.4,13.2,20676.6,114.9,1105
"163(1,G19)","CLIN-0042",8817.1,3148.3,54.1,98.4,115,112.6,3959.2,107.6,86.2,270,170.6,67.7,4196.9,53.3,29900.9,117.5,1118
"164(1,G20)","CLIN-0134",43.5,186.1,1621.2,4635.2,17544.3,91.2,73.6,731.3,3843.2,67.1,2233.6,72.9,1671.3,102.2,26586.7,73.5,842
"165(1,G21)","CLIN-0043",8713.3,82.7,4923.9,166.1,5359.5,146.8,68,911.6,126.4,1573.2,209.5,80.1,3953.7,17.2,21128.8,54.8,1016
"166(1,G22)","CLIN-0135",79.8,3339.1,79.9,4169.5,57,2856.9,31.8,88.1,27.6,60.6,16410.7,74.5,1396.3,25.6,18593,41.5,1280
"167(1,G23)","CLIN-0044",3711.5,16267.9,105.7,50.3,48.2,5477.9,2098.3,6605.3,1506.4,1222.9,7540.3,6943.5,2284.3,27.7,22425.5,66.2,1512
"168(1,G24)","CLIN-0136",580.1,974.8,122.3,1518.8,2901.7,3178.9,120.3,39.2,2185.6,70.3,58.1,93,3027,22.7,18270,84,1022
"169(1,H1)","CLIN-0217",7343.9,38.8,1178.1,89.6,12422.5,92.9,3133.9,98.8,49.2,43.8,121.3,2119.4,2283.5,32.4,19635.1,74.3,1262
"170(1,H2)","CLIN-0309",52.9,33.9,53,46.5,62.4,2089.9,83.2,52.5,179.7,4333.3,180.2,7346.5,7823.9,19.6,25812.5,77.6,948
"171(1,H3)","CLIN-0218",61.1,99.8,170.4,22131.9,11069.2,976.3,37.2,40,7006.6,34.7,98.9,3602.1,4150,19.5,21370.7,94.6,863
"172(1,H4)","CLIN-0310",3468.8,73.7,1016.9,7796.7,78.8,1192.9,1236.6,5729.7,189.1,2993.6,1195.1,81.4,3143.5,48.1,24941.5,110.3,1408
"173(1,H5)","CLIN-0219",6580.5,1173.3,139.6,275.7,43.6,6667,89.7,104,12880.2,49.9,112.8,120,4989.9,39.5,21287.2,87.6,887
"174(1,H6)","CLIN-0311",78.6,85.8,48,3491.2,60.1,2386.6,1636.2,70.1,28,11287.4,1640.1,4579.4,3216.9,32.2,17083,52.3,1238
"175(1,H7)","CLIN-0220",59.8,63.3,4025.3,6093.6,4251.1,5830.7,6256.4,3282.3,1459.9,87.7,1615,128.4,2518.7,49.7,26074.2,78.6,1185
"176(1,H8)","CLIN-0312",76.1,1857.3,1523.5,1857.2,175.3,74.5,66.3,163.5,5688.9,1579.1,8223.5,319.6,914.6,70.4,17534.9,43.8,1531
"177(1,H9)","CLIN-0221",9080.5,6360.3,8071,2278.6,1029.1,108.8,61.8,94.8,64.5,1741.5,46.1,91.9,3944.4,22.5,21204.2,62.4,1590
"178(1,H10)","CLIN-0313",54,87.7,117.2,2819.6,88.8,166.3,66.7,4017.2,4904.8,1454,4011.5,43.9,2270.8,18.5,23956.8,50.2,1295
"179(1,H11)","CLIN-0222",68,5262.2,50.5,3034.2,1507.1,102.7,226,2174.4,87,5114.4,3240.4,1746,3165.1,52.1,25739,67.9,1149
"180(1,H12)","CLIN-0314",98.1,97.4,1315.6,83.1,67.7,87.9,95.3,35.4,3459.4,33.9,13078.8,1077.2,4255,34.4,18101.2,48.8,1300
"181(1,H13)","CLIN-0223",29.6,1924.6,41.1,2869.7,13570.6,64.9,1918,23153.2,36.3,27.9,160.4,126.3,5450.1,21.6,27196.4,61.1,1156
"182(1,H14)","CLIN-0315",53.8,4492.8,132.6,114.9,69,85.6,65.9,3372.8,58.5,75.3,82.2,1766.2,6484.3,39.6,21855.9,61.2,1592
"183(1,H15)","CLIN-0224",247.4,1617.5,4456,7017.7,4279.3,83,893.1,59.2,118.4,87.2,103.2,10552.4,2225.4,18.8,21656.3,64,1180
"184(1,H16)","CLIN-0316",100.8,3485.9,18449.4,2051.3,63.1,89.5,91.3,28.3,2410.2,71.7,132,95.9,2381.7,22.2,18962.5,107.9,1015
"185(1,H17)","CLIN-0225",5363.3,91.7,1569.8,2002.4,2599.8,38.4,172.9,66.3,10219.5,66.6,3548.3,4632.3,5211.5,40.9,23934.3,60.1,1369
"186(1,H18)","CLIN-0317",85.9,5730.3,84.5,63,46.4,77.7,120.6,6344,4614.9,39.7,48.3,94.7,4339.4,28.8,20334.5,30.2,1182
"187(1,H19)","CLIN-0226",2093.1,3698.5,157.8,52.5,4147.4,8863.2,4692.8,72.9,78.6,96.1,1668.7,97.9,2634.3,50.4,23017.4,56.1,1338
"188(1,H20)","CLIN-0318",1836.8,5436,90.4,2104.5,10578.2,82.9,46.7,57.6,69.1,68.8,735.8,36,720.1,36.1,17053.4,91.1,1139
"189(1,H21)","CLIN-0227",72.2,1088.5,124.5,6716,110.3,6242.8,100.3,133.8,5699.3,82.4,60.4,37.1,3682.9,44.5,26033.1,67.1,1535
"190(1,H22)","CLIN-0319",109,70.5,157.9,40.2,63,76.6,3226.6,145.6,6124.9,50.6,4260.4,83.4,3781,51.3,25347.5,102.4,999
"191(1,H23)","CLIN-0228",60.1,6076.5,97.4,114.6,119,6617.2,36.8,59.2,3910,5867.4,148.9,85.7,5367.2,32.7,25988.1,89.9,897
"192(1,H24)","CLIN-0320",5192.8,7953.8,20.3,118.7,58.3,1191.1,8886.4,117.6,12393.3,1086.5,1618.7,5357,5484.4,18.4,23133.3,36,979
"193(1,I1)","CLIN-0045",70.7,902.2,7712.9,59.5,6753.4,61.4,177.2,15196.9,177.4,128.2,3404.7,58,2630.3,62.9,24740.8,34.1,1153
"194(1,I2)","CLIN-0137",2510,78.8,127.9,5246.6,3935.3,115.6,2347.1,2420.8,81.4,142.5,59.3,4611.6,2178.5,20.6,24103.7,49.4,1256
"195(1,I3)","CLIN-0046",55.3,77.2,47.3,92.2,1010.9,3423.2,10200.1,9470.8,91.9,25.8,32.4,4772.2,6048.4,26.7,15489.8,147.9,1587
"196(1,I4)","CLIN-0138",2467.7,60.7,113.6,37.6,169.8,69.9,5636.9,33.5,3103.3,2328.6,201.6,7193.8,2848.2,30.6,22443.4,95.5,852
"197(1,I5)","CLIN-0047",105.4,159.8,7478.6,8031.4,48.9,6174.6,1132.3,5971.9,72.2,28.4,120.3,1160.8,2553.4,51.9,18177,80.4,860
"198(1,I6)","CLIN-0139",6384.9,4424.9,1851.8,1236.8,114,1468.4,52.3,56.5,93.9,87.5,87.4,69.9,2882.7,22.5,27751.9,60.5,860
"199(1,I7)","CLIN-0048",89.3,66.1,33.6,149,157.3,2030.2,102.5,168.7,6063.6,45.7,42,78.2,1710.4,43.2,22544.2,43.4,1541
"200(1,I8)","CLIN-0140",4440.3,89.3,5671.1,2254.9,49.9,4835.8,74.8,2848.5,15858.8,9905.1,51.4,2616.2,1707.5,17.5,18469.4,157.7,1016
"201(1,I9)","CLIN-0049",50.4,13608.4,103.3,117.3,184.9,48.1,75.2,7753.3,87.8,2174.2,65.5,193.3,4932.7,23.5,21709.5,56.4,982
"202(1,I10)","CLIN-0141",3261.8,2690.8,1258.2,6795,85.5,55.2,7567.9,101.9,37.7,2917.6,145.4,52.2,1424.6,43.7,27713,67.2,1280
"203(1,I11)","CLIN-0050",77.3,94.9,173.2,2626.2,94.4,5466,44.1,195.1,70.2,3338.8,2397.1,6367.9,6292.4,28.7,21950,44.9,805
"204(1,I12)","CLIN-0142",179.6,96.7,47.9,4656.9,60.2,169.1,15908.1,83.3,6646.2,79.8,95.1,124,976.9,43.7,20727.9,98.3,1010
"205(1,I13)","CLIN-0051",107.7,25.4,59.3,3444.9,129.5,2257,4672.2,108.1,6266.4,102.6,117.2,13626.2,2882.1,33.8,19625.6,88.8,1522
"206(1,I14)","CLIN-0143",76.4,18992.8,5459.4,67.5,5146.2,72.4,79.2,7975.6,105.6,2608.3,2094.4,6014.3,2310.2,51.8,28329.8,80.8,1454
"207(1,I15)","CLIN-0052",144.4,3923.6,4075.4,34.1,3066.3,17203.1,5737.5,65.9,3844.3,7193.6,138.4,106,2438.5,50,23508.1,63.6,942
"208(1,I16)","CLIN-0144",80,5385.7,37.2,14044.9,4536.4,7165.5,48.8,862.2,77.3,54.3,62.2,3632.1,1853.4,31.3,21851.9,54.2,1404
"209(1,I17)","CLIN-0053",91.6,9228,62.6,108,2645.1,249.4,81.9,60.3,62.6,82,111,132.2,3479.2,52.4,22285.1,73,1075
"210(1,I18)","CLIN-0145",4960.4,93.1,86.6,12333.9,609,111.3,93.4,2329.1,79.3,935.5,2943.7,234.6,1078.4,43.8,23288.3,43.3,1301
"211(1,I19)","CLIN-0054",11846.8,52.3,3247,72.9,69.2,1344.9,4330.4,103,61.1,2290,111.8,1509.7,4906.6,27.5,17358.2,49.2,1388
"212(1,I20)","CLIN-0146",35.8,104.6,42.9,1199.8,148,9952.8,69.1,59,108.6,83.2,977.1,195.7,2823.4,21,27359.2,60.4,974
"213(1,I21)","CLIN-0055",2978.6,92.7,1582.4,33.6,74.8,2226.3,100.6,8705.7,93.3,71.9,38.7,141.6,5253.3,27.1,23224.4,71.3,1114
"214(1,I22)","CLIN-0147",3511.9,14180.9,2315.4,54.9,84.2,112.1,88.7,68.3,6320.7,66.6,104,130.2,2991.4,63.3,26022.7,62.4,853
"215(1,I23)","CLIN-0056",74.8,1307.1,108.3,6193.5,3468.2,11720.8,31.2,4848.3,2650.9,122,5119.7,93.9,2120.7,39.4,20650.3,106.7,1517
"216(1,I24)","CLIN-0148",52,18560.6,49.2,137.6,83.5,54.8,32379.8,6590.4,94.2,64.6,6583.1,2184.3,20195.8,22.3,23015.8,109,1524
"217(1,J1)","CLIN-0229",4932,52,87.3,93.7,1421.5,3067.2,20671.9,46.2,205.9,149.7,7991.4,5437,9629.7,33.5,22572.6,36.9,1557
"218(1,J2)","CLIN-0321",1752.2,9316.6,12954.2,909.8,1284.4,227.8,116.1,120.7,2152.9,1282.1,150.9,1199.4,5110.5,18.5,26265.2,55.9,1150
"219(1,J3)","CLIN-0230",6530.5,127.4,1940.8,1694.9,59.3,86.6,55.1,1351.8,85.8,72,307.1,1841.1,4198.7,56.5,28679.1,78.2,1096
"220(1,J4)","CLIN-0322",7972.6,5943.2,55.6,4631,90.7,50.4,2073.5,17516,136,60.2,5081,33.1,1416.8,63.5,21857.1,57.1,1148
"221(1,J5)","CLIN-0231",42,57,3272,57.6,131.9,2814.9,1803.6,3161.7,78.3,4325.7,67.3,55.6,1431.2,38.6,26083.1,39.6,1511
"222(1,J6)","CLIN-0323",4669.3,5433,91.9,647.8,40.7,5149.3,5456,74.9,8223.7,119,12999.8,4666.3,17608.9,28,23661.7,69.8,1569
"223(1,J7)","CLIN-0232",65.2,160.8,2147.3,51,869.4,11426.1,68,81.2,4258.6,3386.8,7710.1,2258.6,3518.6,46.6,21771.8,61.4,1434
"224(1,J8)","CLIN-0324",5502.1,5989.9,41.5,1983.1,3768.1,10719.2,39.8,82,1174.7,2693.7,8215.3,53.2,3891.9,38.4,27424.6,106.5,1318
"225(1,J9)","CLIN-0233",2591.3,5825,89.9,45.1,8619.2,149.9,4679.1,59.8,3653.6,8994.9,9186.4,9751.6,3707,19.8,17438.5,72.1,1494
"226(1,J10)","CLIN-0325",5919.8,32.3,3734,55.3,2985.6,1229.1,77.7,47.5,46.2,184.6,2484.3,7628.3,3043.4,29.3,23004.7,125.2,1185
"227(1,J11)","CLIN-0234",72.9,48.1,22245.2,2251.3,3547.5,142.1,81.7,22503.9,3151.6,60.5,79,1368.6,7572.4,24.8,21216.7,48.2,1538
"228(1,J12)","CLIN-0326",83,13464.6,11467.2,2168.3,8679.7,41.7,110.9,38.6,147.9,2490.1,3179.9,148.7,970.1,31.5,22480.6,61.9,1045
"229(1,J13)","CLIN-0235",160,1805.2,81.9,6280.9,61.9,50.3,3688.3,6595.1,609.7,135.6,17448.8,13394.6,2093.4,32.1,22424.9,157.5,1525
"230(1,J14)","CLIN-0327",3759.5,67.4,104.1,73.4,130.7,5473.2,3712.1,2550.4,5085.8,94,73,56.9,7617.7,48.1,26191.6,44.8,1487
"231(1,J15)","CLIN-0236",126,60.4,56,9246.9,9531.6,137.8,72.7,51.4,80.5,219.4,6166.8,79.2,1026.5,76.6,20998.1,54.1,1291
"232(1,J16)","CLIN-0328",4903.9,7444.8,86.3,60.1,2677.5,4837.3,10272.7,108.7,41.2,114.2,10147.2,108.1,1240,44,17566.2,45.9,1421
"233(1,J17)","CLIN-0237",162.9,4333.2,1668,36.2,56.3,65.5,11630.2,2013.7,63.7,94.2,101.7,191.9,4778.3,35.2,21880.1,91.3,1089
"234(1,J18)","CLIN-0329",83.8,87.8,59.5,2854.4,6638.9,46.5,3315.9,2427.9,1637.8,115.3,98.9,4434.8,6133.6,42.5,16367,50,958
"235(1,J19)","CLIN-0238",1774.3,222.6,72.9,126,77,159,72.9,1641.3,589.7,11072.2,8745.8,8656,6314.9,44.9,28040.5,118,1576
"236(1,J20)","CLIN-0330",4113.7,121.7,1212.3,107.2,6774.4,73.6,2485.2,7648.3,5714,85.2,6199.3,99.5,2292.1,24.8,19809.6,114.7,1339
"237(1,J21)","CLIN-0239",7691.9,74.8,37.7,199.6,64.8,7461.9,1033.5,97.4,66.2,56.1,170.7,78.8,3203.2,23.9,23294.8,73.5,952
"238(1,J22)","CLIN-0331",83.9,49.6,3478.8,3151.9,7492.6,2980.1,81.4,103.9,47.2,6179.3,49.7,14607.8,3750.8,67.2,22889,68.7,1035
"239(1,J23)","CLIN-0240",10583.4,1976.8,171.8,74,1417,62.4,60.4,4463.7,60.8,408.3,103.4,142.4,2100.7,21.4,23981.8,152.5,883
"240(1,J24)","CLIN-0332",79.2,114.4,141.9,75.1,76.2,2440.1,1999.8,70.2,241.6,47.7,22.8,34709.1,4040.1,46.7,26667.6,107.2,1278
"241(1,K1)","CLIN-0057",8764.7,71.9,1282.6,4085.5,29.8,118.6,65.7,96.4,62.3,3521.2,48.4,77.1,4589.4,34.5,22539.8,104.4,1575
"242(1,K2)","CLIN-0149",49.2,5401.4,1330.2,1708.8,2262.6,17413,43.8,4560.5,167.8,58.8,99.5,91.9,1963.4,85.3,19401.8,93.3,1356
"243(1,K3)","CLIN-0058",44,36.2,147.4,8007.8,3442.6,93.7,27.1,72.8,46.6,61.4,61.7,722.3,2534.1,100.8,24786.7,66.1,1504
"244(1,K4)","CLIN-0150",111.5,1531.8,74.6,128.8,5746.8,98.8,48.5,1907.1,76.1,57.2,2343.6,4396.6,2569.9,50.5,19885.1,103.3,1020
"245(1,K5)","CLIN-0059",134.1,1911.7,43.2,75.6,41.3,144.1,2494.9,5761.2,8058,47.1,109.9,70.7,3433.6,60.6,21246.1,118.7,1067
"246(1,K6)","CLIN-0151",51.1,119.9,96.2,3034.3,5775.7,54.1,10471.9,3032.7,7074.9,81.1,47.8,59.7,6407.8,51.2,20826,69.5,1284
"247(1,K7)","CLIN-0060",5251.4,1457.3,43.7,2442.5,134.3,144.3,1054.6,134.7,1051.8,169.4,5779,64.2,2223.3,39,27269.8,50.9,1195
"248(1,K8)","CLIN-0152",85.9,20732.2,65.3,62.9,29.5,1716.9,3615.5,3595.1,124.7,59.4,1667.5,3437.9,4642.1,45.3,18452.8,50.8,859
"249(1,K9)","CLIN-0061",31,47.7,131.6,110,2914.9,22929.6,1661.3,2404.1,102.2,3827.7,84.2,185.2,2651,70.8,19551.1,43.5,1330
"250(1,K10)","CLIN-0153",12613.8,869.1,822.7,40,14061.8,52.5,84.8,6555.1,7602.4,38.6,4182.2,61.8,5898,62.7,14889.8,77.8,1104
"251(1,K11)","CLIN-0062",7184.8,3842.4,55.5,10181,3836.5,144,79,63.4,1050.9,45.6,8498.5,4142.3,2054.2,83.8,21422.7,43.3,1131
"252(1,K12)","CLIN-0154",100.2,96.1,77.8,90.3,102.8,61.1,7302.7,3234.7,13953.5,90.8,2622.3,3832.4,5196.6,34.8,24057.7,48.7,1101
"253(1,K13)","CLIN-0063",2605.2,139.2,220.2,4559.8,82.1,7474.8,110.2,8894.6,74.7,81.5,10289,110.5,7189.1,32.4,23934.4,51.2,955
"254(1,K14)","CLIN-0155",44,4816.6,9685.8,2940.9,2002.1,54.4,77.9,68.8,13525.3,84.8,58.3,78.1,2495.5,41.6,24378.9,80.7,1492
"255(1,K15)","CLIN-0064",7181.9,71.6,51.1,66.7,13624.3,612.5,62.1,1386.2,5555.7,2274.6,48.9,83.7,1203.5,38.6,29393.1,104.2,988
"256(1,K16)","CLIN-0156",102.7,168.5,8095.2,87.7,70.2,104.3,57.9,194.1,211.1,65.4,20923.8,44,3144.7,56.9,20679.9,52.2,918
"257(1,K17)","CLIN-0065",78.2,251.7,2590,448.9,55,28.9,249,66.3,1209,127.2,5442.4,146.9,2509.3,41.3,24675.3,101.7,1136
"258(1,K18)","CLIN-0157",36,10839.1,50.5,9185.4,1009.9,11131.3,86.1,194.3,83.7,70.2,278.7,53.4,3234.8,62.3,22068.1,79,876
"259(1,K19)","CLIN-0066",49.1,110.9,8785.5,4146,83.7,3414.6,43.8,57.1,92.7,162.7,152.3,37.1,1803.7,82.1,18152.5,95.5,1505
"260(1,K20)","CLIN-0158",79.2,81.1,72.2,172.2,2549.7,971.4,63.7,6540.1,159.7,67.5,13346.8,83.4,4314.2,52.4,19516.6,74,1190
"261(1,K21)","CLIN-0067",194.1,121.2,55,2476.4,3652.2,210.4,69.7,6061.5,90.5,22813.2,54.5,105.6,1694.8,23.8,23545.3,166.2,834
"262(1,K22)","CLIN-0159",54.5,3822.4,4235.7,201.4,131.5,4379.7,28.3,53.6,201.4,2109,170.8,155.6,1601.4,34.5,25034.9,65.1,1377
"263(1,K23)","CLIN-0068",5046.7,66.2,76.2,61.6,2860.6,1144.7,17379.9,143.8,138.4,99.7,90.2,109.1,3594.1,27.1,20749.5,56,1126
"264(1,K24)","CLIN-0160",62.4,27.4,122.7,132.2,147.2,92.8,11957.8,1636.1,109.5,3671.9,1838.3,51.7,4234.8,63.4,19214.9,54,1459
"265(1,L1)","CLIN-0241",113,106.9,810.6,57.6,1504.5,11617.1,85.3,7181.5,11008.8,5761.7,6075.1,1909.3,2404.9,39.5,21511.9,61.5,929
"266(1,L2)","CLIN-0333",45.1,126.3,66.4,4127.4,249.3,10635.1,71.6,60.5,8799.9,1517.9,145,61.6,6493.4,43.6,18758.9,53,1348
"267(1,L3)","CLIN-0242",2442.7,4321.3,114.7,58.7,84.1,1544.2,8137.3,80.7,1977.5,496.7,1952.8,8048.5,7575.6,54.4,22473,42.9,1153
"268(1,L4)","CLIN-0334",48.7,141.2,63.8,80.6,255.9,7473.3,39.7,10126,1820.4,55.2,53.3,40.5,5929.4,32.3,27177.3,55.8,1376
"269(1,L5)","CLIN-0243",1913.5,6161.1,4271.8,95.2,115.5,189.4,4749.1,59.6,7422.1,3432.3,175.5,1861.4,9531.6,48.8,19738.8,69.3,1572
"270(1,L6)","CLIN-0335",6360.2,64.6,101.1,8247.2,46.8,118.7,3323.5,134.2,76.9,1865.3,2157.5,2348,6396.3,62,22468.7,73.9,1477
"271(1,L7)","CLIN-0244",23742,126.4,125.8,1754.1,115.7,91.3,1356.8,2997.6,2648.1,126.6,5323.3,79.6,17036.9,45,23976.1,76.5,1373
"272(1,L8)","CLIN-0336",55,96.6,80.3,99.4,1712,88.8,2347.1,141.1,114.1,63.4,12845.2,705.8,2078.4,69.9,20946.3,77.5,1364
"273(1,L9)","CLIN-0245",26.7,4584.7,60.6,67.3,67.5,140.2,106.1,74.4,1105.4,71,221.9,1072.2,2967.2,45,26386.5,64.3,1344
"274(1,L10)","CLIN-0337",2870.7,3023,1241.2,8818.4,57.7,166.8,1726.4,45.9,60.7,32,110.8,57.6,1181.2,21,25231,64.2,1077
"275(1,L11)","CLIN-0246",119.5,711.4,36.9,1988.3,109,103.1,7864.6,4540.1,106.1,2370.1,12468.5,1571.6,6534.3,56.2,19681.7,73.9,985
"276(1,L12)","CLIN-0338",138.2,176.3,8614.9,52.7,42.8,101,73,3569.2,201.7,47.2,7663.8,78.3,7138.4,31.2,20464.7,25.7,1362
"277(1,L13)","CLIN-0247",1341.5,84.2,8009.4,5324.3,2656.2,2948.5,134.8,1461.3,2983.6,66.9,13368.2,129.1,1328,48.9,24807.8,32.7,1499
"278(1,L14)","CLIN-0339",86.8,61.2,93.4,48.4,2336,1165.3,151.3,101.4,42.4,4793.4,762.5,31.9,4647.9,41.4,18278.9,37.1,906
"279(1,L15)","CLIN-0248",43.9,4658.6,46.9,56.9,4206.3,42.2,7587.5,4940.2,12658.3,1957,175.5,47,5097.9,38.3,18041.7,76.1,1248
"280(1,L16)","CLIN-0340",1457.7,106.4,102.1,142.7,17032.8,146.7,37.1,3620.5,169.8,2008.7,93,189.4,5414.9,36.1,22275.8,108.8,1359
"281(1,L17)","CLIN-0249",96.3,2285.6,77.4,1672.8,62,2197.1,103.4,16136.3,108.5,39.9,5863.9,7264.5,3009.3,30.2,21901.5,59.8,821
"282(1,L18)","CLIN-0341",4679.3,3636.8,2561.4,31.9,2820.9,4759.9,133.9,55.5,4529.1,4430.5,45.7,3796.6,1383.3,30.9,24790.2,60.1,1065
"283(1,L19)","CLIN-0250",775.4,139.9,159.4,99.3,6568.5,1662.2,3375.2,2477.6,71.6,71.9,151.4,87.6,2448.7,31.6,18854.7,58,1254
"284(1,L20)","CLIN-0342",7297.1,31116.2,1602.6,76.4,105.9,1515.3,103.9,79.3,34.1,84.5,4216.7,7473,10317.1,47.3,21395.6,81.8,917
"285(1,L21)","CLIN-0251",7195.5,7603.5,17906.4,1609.3,30571.8,2136.5,72.9,58.8,112.3,6812.6,336.1,18917.4,3219.3,36.4,21372.1,63.9,1262
"286(1,L22)","CLIN-0343",56.9,2906.2,2325.2,1832.1,1235.3,85.4,91,5703.6,7684.5,69.4,9871.1,54.6,3562.1,21.8,18851.1,84.2,1275
"287(1,L23)","CLIN-0252",65.4,68.2,49.6,6891.7,13662.5,24.8,3075.5,79.5,82.1,9495.9,84.6,12315.4,3213.8,26.3,21159,62.4,1308
"288(1,L24)","CLIN-0344",90.2,49.8,99.3,6712.2,72.3,64.9,570.7,55.2,99,44,11197.9,749,2433.8,54.6,23043.4,122.7,1505
"289(1,M1)","CLIN-0069",135,83.1,83.2,5131.1,66.6,98.7,2346.1,54.1,2487.9,4173.8,45.2,140.1,1745.1,21,17649,40.2,936
"290(1,M2)","CLIN-0161",60.1,101.4,2262.1,3146,43.8,2593.5,84.9,10434.6,103,94,83.4,5428.8,1265.9,20.4,23791.9,46.3,1361
"291(1,M3)","CLIN-0070",42.4,85.5,44.2,20501,124.1,3270.3,91.6,2385.4,4602.3,36.3,2857.7,4060.5,2151.5,19.2,23859.4,67.1,821
"292(1,M4)","CLIN-0162",8567.2,157,160.2,34,11711.5,58.1,2098.7,11774.2,1622.3,7600,778,141.3,3226,12.9,21935.9,27.9,974
"293(1,M5)","CLIN-0071",89.6,2940.7,4885.6,71.7,3512.4,4065.3,55.5,2593.8,71.4,129.3,39.4,266.6,4138.7,45.6,19516.2,53.4,1139
"294(1,M6)","CLIN-0163",7950,16975.2,46.5,5117.9,91.7,4416,3818.1,136.7,55.3,122,3436.9,71.8,1401.5,34.3,23545.1,91.4,1104
"295(1,M7)","CLIN-0072",1851.8,111.4,92.4,43.4,16302.2,6342,89.4,88.4,15609.9,102.8,87.1,103.4,2253,76.3,25105.8,76.9,1326
"296(1,M8)","CLIN-0164",106.7,188.4,2132.2,36,1980.1,75.1,5065.8,3603.3,14694.8,62.8,3050.3,4310.2,2828.8,27.7,15661,74.7,1476
"297(1,M9)","CLIN-0073",7906.7,2960.7,4234.8,44.4,13704.4,117.9,93.4,183.5,2490.2,5282.9,48.9,4141.5,1851.8,35.8,35731.3,83.5,1379
"298(1,M10)","CLIN-0165",12410.6,88.1,47.3,1446.1,76.5,15923.7,120.3,88.2,55.4,80.4,148.2,4639.9,5203.9,65.5,33462.4,84.9,1561
"299(1,M11)","CLIN-0074",5247.3,40.1,2312.2,203.8,6125,97,90.5,54,76.9,209.3,1194.8,3735.3,5885,50,26772.6,121,1145
"300(1,M12)","CLIN-0166",105.6,1221.4,149.4,1790.1,223.6,5585.5,78.4,98.1,65.3,2085.1,2401.2,68.1,5854,37,19200.1,71.5,910
"301(1,M13)","CLIN-0075",60.8,2091.6,1501.4,3094.4,64.4,588.9,154.9,2819.2,69.7,44.8,1524.7,134.2,1418.1,23.2,18530.9,65.5,943
"302(1,M14)","CLIN-0167",119.1,123.6,1853.5,126.8,89.6,1111.6,63.6,28.7,81.7,50,1719.7,42.2,5105.8,21.5,16941.2,81.4,1059
"303(1,M15)","CLIN-0076",546.7,176.3,119.7,2625.7,31.8,58.2,156.7,11194.1,43.7,82.7,6898.5,176.9,3683.5,18.4,27142.6,58.9,1340
"304(1,M16)","CLIN-0168",66.4,2073.4,5595.1,3570.5,10777.2,74.3,73.3,60,35.2,42.1,96.6,198.8,8095.3,29.4,18826.6,52.8,1180
"305(1,M17)","CLIN-0077",105.5,87.1,90.3,12308,48.7,66.8,1367.2,5121.2,115.4,41.5,20731.9,3563.9,4234.2,22.9,19240.1,122.3,1274
"306(1,M18)","CLIN-0169",12418.5,46,57,62.1,3599.4,55.1,85.8,4353.1,2193.1,41.3,2528.5,97.6,2602.9,37.9,22211.4,75.1,1376
"307(1,M19)","CLIN-0078",95,110.3,118.1,39.1,96,65.1,6786.4,4058.5,50.3,4088.3,84.6,112.2,3419.3,27.4,23169.9,63.4,853
"308(1,M20)","CLIN-0170",1852.1,5971.8,2086.8,3987.8,84.8,1928.4,56.9,6064.7,6407,3043,2808.2,4164.2,2536.8,32,26195.7,105.4,956
"309(1,M21)","CLIN-0079",56.8,1062.2,88.6,114.5,56.6,71.4,9309.3,1573,55.6,72.8,50.3,2198.5,3393.5,33.2,24836.4,46.5,1157
"310(1,M22)","CLIN-0171",21,70.1,66.3,1772.5,91.4,7517.6,37.9,60.2,120.2,4184.6,1968.8,40.2,2925.3,35.5,17220.4,49.8,1096
"311(1,M23)","CLIN-0080",160.5,116.2,6490.4,91.3,104,50.3,60.6,58.9,157.3,2078.7,116.9,49.2,1753.6,25.1,24510.9,143.9,1597
"312(1,M24)","CLIN-0172",43.4,8576.5,1141.9,45.6,3127.3,143.6,114.2,25.6,325.5,124.5,147.6,33.5,8301.2,28.8,20032.2,27.9,805
"313(1,N1)","CLIN-0253",64.2,119.3,88,112.6,136.8,94.8,72.5,52.7,61.3,3028.4,14297.3,88.6,5675.3,34.9,24263.5,55.2,1419
"314(1,N2)","CLIN-0345",164.5,130.4,121.6,3939,79.9,78.5,65.1,5554.4,5794.5,83.7,41.5,7839.8,9578.7,37.4,16040.7,61.7,1315
"315(1,N3)","CLIN-0254",98.7,4542.2,25.5,9315.9,8809.4,73,4235.3,167.9,72.9,2765.7,3569.6,130.5,2181.6,36.8,17864.6,56.9,1519
"316(1,N4)","CLIN-0346",1994.7,4800.5,120.8,170.2,3238,106.8,144.5,40.1,7428.3,57,64.3,73.5,1991.4,58.5,21201.4,42.9,1175
"317(1,N5)","CLIN-0255",73.8,179.7,1451.6,48.1,56.7,74.1,560.5,1041.7,61.6,2392.4,89.5,49.7,2970.4,53,21125.8,82.6,1152
"318(1,N6)","CLIN-0347",26015.7,122.4,55.6,53.4,72.5,7255,1134.1,3953,3550.2,135.3,8677.9,83.2,2954.2,57.7,22426.8,88.4,1572
"319(1,N7)","CLIN-0256",122.9,14803.5,101.2,2769.6,2930.4,34.9,123.5,1651.6,3204.4,125,67.3,2970.4,1466.3,39.6,23540.8,125.8,1211
"320(1,N8)","CLIN-0348",78.7,65.1,67,7901.2,83.5,6131.6,1855,3672.9,36.6,70.4,119.7,88.3,6100.8,48.7,20413.4,30.8,1373
"321(1,N9)","CLIN-0257",161.2,64.1,123.7,123.9,88,47.9,108.3,31.4,5708.1,3531.2,2938.6,52.9,2263.1,52,20163,40.7,1038
"322(1,N10)","CLIN-0349",86.1,8420,96.4,2074.3,3296.3,79.6,112.2,2079.8,4513.4,83.8,149.2,3423.4,932.4,30.6,24999.4,77.9,825
"323(1,N11)","CLIN-0258",75.8,40.7,106,32.5,68.1,5317.2,4752.8,41.7,2403.9,75.6,10431.7,6438.2,2129.9,20.4,17797.6,37,1217
"324(1,N12)","CLIN-0350",86.8,673.4,67.8,4726.1,37,5382.4,122.7,4104.7,288.3,59.9,201.1,48520.6,5372.1,34.9,22700,56.5,1502
"325(1,N13)","CLIN-0259",2682.5,43.5,101.4,48.5,77,118.6,22.2,3567.4,3035,264.2,103.8,9725.8,3732.6,42.9,20871.5,38.9,1342
"326(1,N14)","CLIN-0351",85.1,1549.6,53.5,7049.9,55.7,57.9,1624.9,10934.7,3796.3,7038.6,128.4,79.7,3074.2,40.6,17804.8,60.9,1019
"327(1,N15)","CLIN-0260",1241.8,122.5,55.4,78.7,126.9,472.8,1436.3,4772.9,60.4,4162.2,2451.3,96.3,7862.2,24.2,21766.5,50.2,1574
"328(1,N16)","CLIN-0352",81.7,6640.6,4346.5,142.2,184.9,7111.9,127.3,82,2109.7,70.2,50.5,8737.1,3070.7,67.8,22566,40.4,959
"329(1,N17)","CLIN-0261",130.8,2559.1,10411.4,78.7,1908.2,76.4,2547.2,93.7,51.6,159.8,131.6,4834.6,2512.5,54.1,28119.6,57.7,1073
"330(1,N18)","CLIN-0353",13622.1,8391.8,72.4,48.4,8418.7,85.7,53,140.3,99.6,103.7,2797.9,371,3660.8,25.8,21079.7,85.6,867
"331(1,N19)","CLIN-0262",3808.9,2422.1,10982.3,197.8,15330.4,43.9,83.3,87.6,2619.2,66.2,90.7,2156.4,3656.4,49.8,17070.8,92.4,1085
"332(1,N20)","CLIN-0354",116,1475.2,40.5,62.4,20613.6,69.8,4549.9,125.7,97.9,99.7,4737.9,59.9,3301.7,38.5,24642.9,110.9,1535
"333(1,N21)","CLIN-0263",6619.4,5630.8,6375.7,20974.1,1653.3,116,92.8,3152.1,1652.2,59.6,2585.7,6317.8,3096.5,36,19136.7,123,804
"334(1,N22)","CLIN-0355",3967.7,6181.5,5843.9,133.4,36,145.2,112.4,45,83,47.3,67.2,78.9,4756.7,16.2,26129.9,97.3,1564
"335(1,N23)","CLIN-0264",74.1,48.3,78.7,96.4,3694.6,7703.4,79.9,6344.9,35.1,58.1,3787.6,89.3,2797.7,44.4,20032.1,56,1459
"336(1,N24)","CLIN-0356",5025.3,63.8,81.6,53.1,2218.6,2593,2375.9,5493.8,2188.3,147.1,2108.2,126.5,5457.8,56.5,26728.5,55.1,881
"337(1,O1)","CLIN-0081",89.3,11420.3,3073.2,107.3,150.1,102.8,5262.6,1665.8,64.4,46.7,71.9,42.8,12874.5,27.9,21407.6,58.1,928
"338(1,O2)","CLIN-0173",11121.1,36.2,1413.6,75.5,147.1,170.4,102.8,4036.6,3958,2580.1,95.9,90.5,4367.3,27.5,22231.4,34.2,1503
"339(1,O3)","CLIN-0082",4978.9,91.3,5066.3,274.6,111.2,104,91.2,74,2366.6,1917.4,157.9,143.7,4430.5,43.9,22616.3,71.9,999
"340(1,O4)","CLIN-0174",93.1,2067.3,8175,6311.6,34.8,10325,31.5,12291.5,3259.7,72.8,109,2916.4,4797.1,51.2,24951.9,82,1176
"341(1,O5)","CLIN-0083",11668.8,6484.3,129.9,1457,2821.2,47.7,9646.5,53.9,116.6,4433.3,180.5,52,2895.4,27.5,20726.6,42.1,816
"342(1,O6)","CLIN-0175",5523.6,221.3,67.5,1862.1,3242.5,112.2,1567.1,131,3129.6,28.8,10640.9,47.3,4039.9,36.9,25267.9,44.1,880
"343(1,O7)","CLIN-0084",68.9,122.2,74.4,3002.2,2474.8,81.1,154.3,2173.4,1564,2340.6,3473.5,24153.6,4997.8,66.2,19316.7,66.6,1180
"344(1,O8)","CLIN-0176",2134.4,177.3,10955.2,58.6,69.2,5630.8,90.7,2292.2,246.8,49.3,4633.9,46.9,2403.7,32.4,23439.2,98.5,1508
"345(1,O9)","CLIN-0085",4163.6,134.9,153.8,56.5,29.1,1963.3,178.3,60.4,14033.7,2505.9,122.6,4774,5961.6,51.8,20228.1,63,1333
"346(1,O10)","CLIN-0177",46.3,62.5,976.8,59.3,1766.6,65.1,3071.6,49.1,4781.8,93.8,8371,16582.4,3586.3,31,22008,101.4,858
"347(1,O11)","CLIN-0086",83.9,74.7,107.6,174.8,16086.8,5403.3,236,49.9,3184.3,93.4,3950,126.4,4674.3,18.9,24791.9,86,1322
"348(1,O12)","CLIN-0178",69.3,90.6,17515.7,71.3,5004.2,3024.7,57.7,8182.8,81.6,121.2,1909.2,49.1,9480.6,30,19748,85.7,1411
"349(1,O13)","CLIN-0087",2210.9,32.2,18803.5,9475.3,110.6,56.7,1744,171.6,48,156.2,7094.9,8879.8,2729.5,19.8,22259.7,76,1510
"350(1,O14)","CLIN-0179",2729.7,162,43.8,40.6,10149.1,125.4,68.1,4395.3,32.3,119.6,20674.1,67.4,3901.3,36.2,25172.1,66,1302
"351(1,O15)","CLIN-0088",307.6,61.4,126.8,2080,4384.8,3145.1,41.7,78.8,114.2,6536.9,49.7,128.5,2315.2,49.8,24305.1,26.5,1004
"352(1,O16)","CLIN-0180",53.8,62.2,59.2,21494.9,66,7650.9,13798.5,52.6,5189,62.9,3042.5,148,3431.5,39.6,22357.6,49.4,1069
"353(1,O17)","CLIN-0089",2907,78.3,57,5517.3,163.1,47.3,5530.3,91.3,17906.5,78.8,33.2,80.6,3820.5,36.9,27447,73.1,1157
"354(1,O18)","CLIN-0181",10688.3,1534.7,4290.4,2265.5,9230,71.9,125.3,82.5,1769.5,154.7,102.5,14768.2,6170.9,65,19381.4,104.4,1313
"355(1,O19)","CLIN-0090",105.9,135.1,4982.4,17760.2,138.6,39.9,7860,67.6,117.9,2694.4,68.7,177.8,3402.2,23,18840.9,123.7,1331
"356(1,O20)","CLIN-0182",62.4,69,4403.8,102.2,63.9,35.6,108,26.4,2050.8,99.3,2633.6,129.1,7426.9,27.3,18529.1,81.6,1238
"357(1,O21)","CLIN-0091",2684.6,11093.7,81.7,3406.5,147,165.4,1632,66.9,7009.9,966.2,50.9,58.7,4607.4,29.9,18599.1,88.8,965
"358(1,O22)","CLIN-0183",7667.6,56.2,12440.1,19731.9,112.9,94.1,57.2,15835.9,6539,13480.9,8272.1,35.4,6559.4,63.5,21372.9,36.1,1477
"359(1,O23)","CLIN-0092",1869.5,6011.9,75.6,1720.8,54.5,180,67.7,1470.1,6724.2,1862.3,109.2,91.4,1274.5,48.3,21911.8,75.9,1363
"360(1,O24)","CLIN-0184",48.3,53.4,1891.7,139,113.5,100.3,58.9,16552,1140.8,98.6,1778.8,30.5,4371.1,53.7,22193.2,118.6,933
"361(1,P1)","CLIN-0265",64.2,37.4,5007.1,2801.4,241,2271,10735.5,99.8,119.1,59.6,3326.3,154.7,2593.1,19.6,25781.6,145.2,856
"362(1,P2)","CLIN-0357",147.5,6772.1,8213.8,62,63.8,991.6,8190.6,1868.6,111,9456,2846.5,74.6,4587.8,19.5,26099.6,80.4,1430
"363(1,P3)","CLIN-0266",1381,82,68.2,520.8,119.9,128,7784.4,928,44.7,66.4,72.7,130.1,1861.6,36,19171.6,48.8,1314
"364(1,P4)","CLIN-0358",104.1,122.1,1878.3,157.7,3484.9,76.6,83.9,936.6,155,218.2,122.2,37.8,4474.5,40.9,18245.1,54.8,936
"365(1,P5)","CLIN-0267",49.2,50.1,106.3,38,3155.1,65.1,71.4,4965,54.1,106.2,35.1,1402.9,1804.2,31.7,22809.1,93,1245
"366(1,P6)","CLIN-0359",2312.7,87.5,4983.3,85.2,50,79.6,49.4,6550.1,51.6,47.8,2231.7,82.4,4785,47.1,24239.4,53.9,858
"367(1,P7)","CLIN-0268",98.6,74,2291.2,35705.6,1776.2,109.1,1412,3671.9,54.4,6703.1,86.1,2209.1,2794.3,34.6,19450.6,56,1594
"368(1,P8)","CLIN-0360",100.9,84.6,69.6,138.6,5114.9,13169.7,581.6,2993.7,119.4,176.1,4254.3,8910.6,4216.3,12.2,19508.7,127.4,1592
"369(1,P9)","CLIN-0269",38.8,2780.8,90.3,183,69.4,28,101.5,56.8,102.4,30.8,93.3,3762.1,2542.2,76.5,22421.1,65.4,1331
"370(1,P10)","CLIN-0361",4536.6,66.5,125.9,814,3686.1,131.3,45.8,65.3,81.2,64.7,8087.2,4247.4,4146.1,45.8,17380.8,53.6,991
"371(1,P11)","CLIN-0270",123.4,8323.6,66.6,136.8,1668.2,38.5,133.4,64,98.6,194.3,139.8,126.6,7531.8,76.9,22575.4,41.9,1282
"372(1,P12)","CLIN-0362",84.2,47.7,2478.7,81.6,17106.2,7887.8,160.5,4433.8,67.2,117.1,53.8,117.1,3196.5,111.7,20725.6,80.4,1077
"373(1,P13)","CLIN-0271",3258.1,799.9,13889.7,166.8,47.2,4423.8,1177.5,4602.3,54.1,23118.6,2330,111.3,8148.5,32.3,30765.9,53.6,1116
"374(1,P14)","CLIN-0363",73.3,11253.7,8031.6,1584,5620.5,4792.7,17056.4,88.7,1854.1,44.5,68.9,47.5,2994.8,30.9,19849.8,43.1,952
"375(1,P15)","CLIN-0272",7557.8,30.1,7285.3,65.7,103.7,89.4,53.8,84.4,43.2,89.8,106.4,1666,5433,29,24331.1,124,1234
"376(1,P16)","CLIN-0364",1615.2,88.5,7966.3,1683.8,2843.5,4902.8,106.4,529.4,12039.5,46.3,86.3,4454.3,7772.2,52.8,22394,88.1,1064
"377(1,P17)","CLIN-0273",117.7,64,42837.1,48.8,78.3,57.9,7513.9,10045.8,6135.5,80.3,59.6,1038.7,7093.6,12.7,22176.9,71.6,1522
"378(1,P18)","CLIN-0365",9117.4,54.9,90.6,326.6,57.9,33.8,1302.6,4857.5,2705.4,57.6,30.6,196.7,5029.2,44.2,22548.4,29.2,958
"379(1,P19)","CLIN-0274",60.3,7843.3,55,77.2,57.4,5475.5,63.5,69.7,41.3,1813.8,68.6,122.7,1507,37,22247.2,33,1394
"380(1,P20)","CLIN-0366",1294.9,1116.2,2340.2,112.9,169.8,92.7,1566.7,2907.3,116.8,155.5,3228.6,70.3,2892.4,39,24456.5,28.5,1260
"381(1,P21)","CLIN-0275",8499.7,70.6,147.6,5222.5,14903.8,89,49.4,3200.7,65.2,134.9,60.9,77.6,6605.6,50.3,28152.2,44.6,1072
"382(1,P22)","CLIN-0367",143,218.1,71.5,2442.2,54,1389.9,28834.9,122.3,3202.6,2766,2181.9,4847.2,2094,37.2,22701.8,53.7,1502
"383(1,P23)","CLIN-0276",123.1,1994.4,52.6,15427.1,1882.5,5837.3,2191.2,70.7,103.8,76.4,1601.8,2336.3,3173.2,56.5,19288.3,107.7,1329
"384(1,P24)","CLIN-0368",5377.3,8678.7,55.5,3449.2,110.9,131.2,164.6,1231,48.4,7957.4,59.9,96.4,850.7,24.7,16962.9,82.2,1027
""
"DataType:","Net MFI"
"Location","Sample","Analyte.12","Analyte.18","Analyte.25","Analyte.33","Analyte.42","Analyte.45","Analyte.51","Analyte.56","Analyte.62","Analyte.70","Analyte.77","Analyte.85","Analyte.20","Analyte.90","Analyte.95","Analyte.100","Total Events"
"1(1,A1)","BLANK_P1_1",40.9,41.1,8.1,19.9,10.8,8.8,0,7.1,8.4,8.6,25.3,20.3,23.8,0,79,28.1,1021
"2(1,A2)","BLANK_P2_97",0,18.9,19.1,18.1,30.5,27.2,0,28.5,0,0,30.6,27.5,56.9,0,99.8,12.5,1054
"3(1,A3)","BLANK_P1_2",26.6,100.1,49.5,0,14.5,5,0,36.1,23.4,24.2,0,1.1,7.1,21.9,30.4,35.2,1487
"4(1,A4)","BLANK_P2_98",0,10.1,0,16.5,43.1,15.5,0,31.8,34.2,8.4,21.9,13.7,7.3,0,133.2,58.6,1029
"5(1,A5)","CLIN-0001",3108.1,2961.4,50,7618.6,3573.5,50.5,9797.4,72,0,86.1,53.3,1743.8,4209.5,36.2,17606,19.5,1037
"6(1,A6)","CLIN-0093",1727.2,88.3,76.7,2189.6,0,3819.1,109.3,54.8,4753.6,2381.9,7629.3,141.4,3248.1,13.9,24159.5,128,1252
"7(1,A7)","CLIN-0002",188.4,2900.4,40.3,46.1,6097.2,5979.6,43.2,11422.4,36.2,2397,4239.2,6804,2716.8,0,20425.9,22.4,1167
"8(1,A8)","CLIN-0094",10988.5,1288.4,8554.9,21.8,4445.2,57.1,2141.7,87.4,3881.4,835.5,4809.2,28877.5,4227.4,3.2,26440.1,44.7,1247
"9(1,A9)","CLIN-0003",19.4,47.5,3247.7,47.7,2909.3,581.1,20.1,4912.1,5550.6,456.5,3535.1,128.9,4564.7,24.2,23272.1,0,1499
"10(1,A10)","CLIN-0095",11.7,22.1,1026.1,50105.2,2.1,4.4,7438.9,86,79.9,12.7,21.9,30.3,4357.8,4.1,26135.9,40.7,991
"11(1,A11)","CLIN-0004",11093.4,9400.2,2999.2,4891.7,3122.6,0,5320.5,1309.9,11691.3,2555.1,120.6,4827,5035.3,13.3,17820.5,15.2,1155
"12(1,A12)","CLIN-0096",1576,94.7,27.4,6144.9,70.2,199.7,10,20261.1,73.4,33.2,6895.3,1230.9,3383.7,20.1,26355,25.8,1070
"13(1,A13)","CLIN-0005",7.2,3376,50,66.4,1162.8,4366.6,55.4,45,51,59.2,73.4,13,4335.9,0,27921.7,24.6,945
"14(1,A14)","CLIN-0097",66.4,18134.4,106.6,2907.5,52.1,7389.1,12684.3,34.6,12.1,3176.1,3157.6,69.7,4223.2,5.3,22631.2,33.5,1434
"15(1,A15)","CLIN-0006",2721,3443.1,15.8,4809.5,54.2,68.9,6015.5,6310.2,30.9,0,1455,44.2,4610.9,0,24452.6,19.3,1405
"16(1,A16)","CLIN-0098",0,9302.5,6751.5,117.7,97.1,2449.3,15779.8,2769.8,11163.2,11506.2,40,6.8,1673.5,5.1,23213.7,25.7,1385
"17(1,A17)","CLIN-0007",1569.2,47.1,5151.1,71.6,3195.8,1930.5,44.8,61.7,56,4603.1,133.5,95.2,12206.8,0,18878.8,20.6,900
"18(1,A18)","CLIN-0099",4234.8,4640,97,42.2,2631.4,103.4,69.7,2040.1,140.7,2468.8,0,5080.7,3590.8,4.7,25802.5,25.1,1259
"19(1,A19)","CLIN-0008",16883.2,60.9,0,19.8,10720.6,118.6,3.7,1411.9,4099.1,9558.4,36.4,21,2260.3,13.8,22504.6,120.4,1477
"20(1,A20)","CLIN-0100",5944,669.8,24.2,3869.5,2301.1,2256.9,65.6,26.2,776.8,50,5347.5,32.1,5162.5,0,20546.6,117.9,848
"21(1,A21)","CLIN-0009",61.9,4129.6,1404.5,5749.1,7009.9,13.8,4643.8,11.2,40,118,25.6,13670.2,7253.8,67.3,16233.1,36.6,1119
"22(1,A22)","CLIN-0101",1399.2,22.7,63.5,3858.5,3837.6,51.9,43.9,3272.4,57.8,15321.5,5938.5,16.7,3964.9,0.6,19536.2,29,1540
"23(1,A23)","CLIN-0010",1153.9,3109.7,8823.8,5966.5,31.9,0,22095.4,6560.6,72.8,2316.4,65.9,7155.9,15381,57.5,26088.4,5.8,874
"24(1,A24)","CLIN-0102",31.5,0,86,27.5,10281.1,48.5,6306.4,4214.7,111.3,3506.1,9490.8,5.3,6115.7,25.2,21768,53.6,1222
"25(1,B1)","BLANK_P3_193",9.9,12.7,5.2,0,13.9,40.8,0,6.9,11.7,5,50,19.9,39.9,0,45.7,85.1,1161
"26(1,B2)","BLANK_P4_289",9.2,17,20.1,53.9,11.4,15.9,0,37.4,1.4,33,0,11.6,1.1,0,87.8,38.2,1593
"27(1,B3)","BLANK_P3_194",25,18.1,5.8,1.6,21.3,16.8,46.7,16,12.9,30.7,31.3,18.5,86.1,3.2,101.1,84.8,1288
"28(1,B4)","BLANK_P4_290",33.6,44.3,8.2,7,10.2,32.4,31,57.2,0,23.5,24.1,17.9,30.6,29.9,139.6,48.3,971
"29(1,B5)","CLIN-0185",66.5,3905,23.2,27.2,73.5,8606.9,3796.4,23.9,8720.6,4007.8,7205.1,26.3,3416.9,0,21446.4,66.3,1384
"30(1,B6)","CLIN-0277",3353.8,26.9,3390.6,4064.7,20121.6,849.5,1661.1,42.1,3525,76.3,12.9,10247.6,3633.7,0,22791.2,46.5,1517
"31(1,B7)","CLIN-0186",1.1,8174.8,140.1,2764.9,85.9,7474.2,113.5,4.1,4.6,11798.4,0,9360.6,1138.9,2.3,15853.6,87,1374
"32(1,B8)","CLIN-0278",31.6,6217.9,35.7,6536.7,4085.4,20523.4,7278.5,0,4970.7,3433.5,42.2,12.2,4288.3,0,18190.4,16.1,1512
"33(1,B9)","CLIN-0187",1322.8,52.4,52,117.4,54.4,4065.4,0,2791.4,37,8577.6,1785.1,19.6,7846.4,0,28123.6,18.8,1526
"34(1,B10)","CLIN-0279",74.8,54.9,27.7,4615.3,42,4594.4,9.9,2232.8,4529.5,2514.5,306.8,104.7,5302.6,0,23763.8,1.8,899
"35(1,B11)","CLIN-0188",3703,1156.2,97.7,2180.8,13.7,51.6,87.9,3.3,6437,65.6,22467.3,48.5,11440.8,8.7,19600.7,38.3,1110
"36(1,B12)","CLIN-0280",86.9,55.9,5.2,1214.2,55,24.3,71,102.9,21.1,49.4,44.7,30.4,2000.7,10.3,20544.9,27.9,905
"37(1,B13)","CLIN-0189",2579.3,5082.8,112.1,3446.5,81.6,2757.8,2448.4,793.8,0,70.6,6690.8,2144.8,3113.4,8.6,23982.1,159.1,1288
"38(1,B14)","CLIN-0281",119.8,105.3,3792.3,33.5,48.8,2519.5,10.9,6231.9,13873.8,167,6.8,34.9,2906.5,1,13220.6,57.6,914
"39(1,B15)","CLIN-0190",4782.7,5017.1,6997.3,85,141.5,61,3231,49.1,180.5,8050.2,77,19.6,2419.4,20.6,16592.3,24.7,1428
"40(1,B16)","CLIN-0282",5580,49.7,1914.8,16,5232.2,206.8,108.4,1130.7,94.2,1555.9,13.9,25685.9,870.4,0,19577.8,42.5,1456
"41(1,B17)","CLIN-0191",61.3,72.4,88.8,38.3,153.8,10645,815.5,6493.3,35.5,25.2,2036,8.5,3636.2,29.2,19248.7,150.8,1538
"42(1,B18)","CLIN-0283",34.4,113.8,2276,2345.5,81.7,3888.3,41.4,8551,7202.9,0,8195.4,155.8,1858.2,8.7,21320.4,22,960
"43(1,B19)","CLIN-0192",5772.4,26,112.4,3969.8,7625.2,3.5,43.6,11438.1,3008.1,164.6,181.3,11908.1,2766.3,15.9,23574.1,63.2,1104
"44(1,B20)","CLIN-0284",5926.2,50.6,209.4,84.3,4725.7,11287.5,57,3135.2,18.4,1935.8,2562,78.8,16181.4,34.4,25852.8,42.6,1013
"45(1,B21)","CLIN-0193",1948.7,3453.4,26.5,3381,118.4,964.8,83.3,2565.6,7443.2,3029.4,4857.3,11780.2,3633.8,0,22473.6,23,866
"46(1,B22)","CLIN-0285",2890.4,103,869,1,1708.4,4496.6,1953.6,6336.1,65.7,72.9,3094.6,90.9,2892.2,19.1,22528.5,4.8,1135
"47(1,B23)","CLIN-0194",2883.4,76,234.5,46.8,20,88.6,53.7,58.3,0,1957.7,20562.4,13073.7,4317.4,55.9,26958,29.5,1018
"48(1,B24)","CLIN-0286",107.2,5072.3,1985.2,7135.3,47.7,34,5489.3,2942.1,13.9,0,46,9268.4,1791.8,0,29874.5,44.7,1206
"49(1,C1)","POOL_P1_13",1357.5,2814.8,3167.2,1914.3,3231.5,2644,2535.3,3439,2703.8,2459,2012.8,2681.2,2495.2,0,20075.3,17.5,1208
"50(1,C2)","POOL_P2_109",1882.8,3203.3,3127.5,3108.1,3461.4,2045,2009.5,3205.9,2358,3036.2,2252.8,1723.5,3872.2,10.1,26144.9,98.9,910
"51(1,C3)","POOL_P1_14",2574.7,4083.9,2853.8,2080.4,2192.4,1836.5,2599.8,2448.4,2874.8,1890.6,2107.3,2282.1,6232.1,2.5,17005.3,0,1128
"52(1,C4)","POOL_P2_110",1807.4,2832.3,1637.4,2932.9,3115.9,2453.2,2771,2159.1,3061.2,3185.1,3020.7,3078.9,6799.5,18.5,24993.6,76.5,1463
"53(1,C5)","CLIN-0011",25.9,0,9831.2,33.7,2112.2,2136.4,5631.6,1170.2,5738.8,96.7,103.7,1801.1,1298.8,1.3,18016.2,14.1,833
"54(1,C6)","CLIN-0103",10376.6,67.5,8656.5,1195.6,10.4,6821.1,44.6,25.3,1608.5,60.6,4175.3,3104.4,10096.8,0.5,20945.5,91.3,1460
"55(1,C7)","CLIN-0012",5216.9,8029.6,59.5,48.6,5150.7,1670.8,2087.3,3604.4,0,99.1,2417.8,68.5,5668.1,0,21577.7,120.3,1304
"56(1,C8)","CLIN-0104",14.7,30.7,30.7,966.9,3.4,8088.4,11.8,28.8,30.7,139.5,5494.9,6090,2970,0,29196.6,71.5,1036
"57(1,C9)","CLIN-0013",39.8,2718.1,41.6,53.9,9613.6,3495.5,8.9,57.2,6126.7,4293.7,3009.1,140.9,2720.4,14.7,26467.2,0,876
"58(1,C10)","CLIN-0105",0,18553.5,20,397,9563.8,34.6,2390.2,4385.6,7214.1,71.8,20.4,1406.8,1908.9,2.2,26138.9,28.8,1486
"59(1,C11)","CLIN-0014",70.7,9.6,3602.5,23.4,89.9,1918.9,222.2,26.2,39,85.4,8.3,2931,3506.4,0,28732.5,50.1,1040
"60(1,C12)","CLIN-0106",79.7,1201,40.1,74.1,26.7,61.9,5,16.3,2.5,9.6,52.5,11.5,2401.9,26.5,21971.7,0,894
"61(1,C13)","CLIN-0015",0,103.8,39.2,3841.6,3986,89.7,72.4,1.3,3724,8.7,3386.9,0,2331.9,9.9,15910.6,0,1357
"62(1,C14)","CLIN-0107",10513.2,0,9534.1,41.9,49.4,2039,44.9,159.1,62.7,135.8,142.1,794.8,1227.4,0,25514.9,32.4,1377
"63(1,C15)","CLIN-0016",103.8,22.7,155.3,105.8,50,9659.7,170,26.1,2846.7,11.3,23.4,32.5,1201.1,0,21322.3,93.3,1544
"64(1,C16)","CLIN-0108",81.7,3571.8,10822.4,3124,5836.1,74,4188.6,66.7,8792.5,27.2,60.4,1545.1,2227.8,0,21505.9,51.9,1076
"65(1,C17)","CLIN-0017",149,48.1,893.3,41.8,14867.6,4413.5,168.2,3030.1,3563.4,1462.9,52.6,0,2750.7,3.2,23513.5,35.8,1528
"66(1,C18)","CLIN-0109",2857.5,44.1,2329.8,1069.3,3253,9837.3,5644.1,0,83.9,5750.6,41.1,34.9,19869.9,35.3,24337.4,75.2,921
"67(1,C19)","CLIN-0018",1342,20415.3,59.1,6739,35.8,0,72.1,3355.1,45.8,64,5932.1,11.4,4851.8,0,18310.9,11,1257
"68(1,C20)","CLIN-0110",111.1,2509.6,16.7,139.5,25.2,26.9,77.4,2657.6,3954.4,741.7,655.5,5832.3,1338.1,0,18907.1,12.9,1386
"69(1,C21)","CLIN-0019",58.3,52.5,18357.1,8023.8,35.4,56.6,9.1,48.6,53.9,194.8,165.5,2706.5,2937.9,0,20222.7,78,1477
"70(1,C22)","CLIN-0111",47.4,89.2,5769.8,2415.8,4967.2,21.4,49.2,3243.3,76.3,45.9,0,37.8,8569.7,17.2,19544.4,0,1560
"71(1,C23)","CLIN-0020",53,127.7,3070.4,15.8,39.1,9119.7,1906.7,58.1,45.8,69,3269.2,2840.5,9566.3,19.3,16341.5,88.4,1383
"72(1,C24)","CLIN-0112",55.7,80.1,89.7,4128.7,2527.6,86.7,33.4,127.3,2466.6,8985.6,12236.2,88.3,6161.7,0,20414.6,29.3,1389
"73(1,D1)","POOL_P3_205",2602.9,3143.1,3061.5,1675.5,2708.7,3332.7,1607.4,2202.5,2505.3,2429.9,2637.3,2783.6,2173.7,0,25814.1,28.9,1425
"74(1,D2)","POOL_P4_301",1365,2731,1996.9,2200.9,2182,3920.7,2918.6,2150.7,2080.1,3527.5,2225.8,1974.8,5608.1,12.1,23750.7,0,900
"75(1,D3)","POOL_P3_206",2677.7,1937.1,3118.6,2242.1,1740.3,2669.2,2217.9,4588,3169.5,1684.8,1715.2,2092.9,10207.5,43.5,22954.4,17.1,1130
"76(1,D4)","POOL_P4_302",3173.7,2499.2,2296.2,2142.4,3214.4,2425.8,2495.1,2186.8,2637.5,3662.2,2596.6,2499,4887,13,18952.7,83.6,1097
"77(1,D5)","CLIN-0195",28.8,103.2,51.5,0,4146.8,89.9,0,3967.9,7971.8,4189,11.6,23.8,2876.4,0.1,22689.8,14.1,819
"78(1,D6)","CLIN-0287",10922.6,53.6,10.7,11101.8,15482.1,175.9,5753.8,5522.3,7389.5,4507.6,4750.2,589.8,4650.5,0,25720.6,13.7,800
"79(1,D7)","CLIN-0196",45.2,70,7900.9,29.7,124.7,919.5,32.4,96.8,51.8,118.8,14.9,15780.1,1679.4,20,28672.1,46.2,1376
"80(1,D8)","CLIN-0288",30.2,4432.4,37,7162.8,34.1,33.1,18.5,7496,28.6,21.4,60.9,3.5,958.2,17.2,22584.5,21.2,1493
"81(1,D9)","CLIN-0197",34.6,5441.9,1334.6,36.5,2928.5,55.4,10072.9,29.1,15.3,53.2,32.1,2559.5,1287,5.9,20761.3,134.9,1353
"82(1,D10)","CLIN-0289",10755.1,53.2,6357.4,18.2,3726.2,56.6,1156.9,5757.7,1080.9,3958.3,3847.8,10.9,4755,52.5,26732.9,155.9,941
"83(1,D11)","CLIN-0198",185.9,6996.2,1286.7,135.8,75.2,141.8,2477.6,2198.3,32,9864.9,1453.2,111.2,3425.8,3.2,18751.7,19.4,1080
"84(1,D12)","CLIN-0290",39.4,1265.3,15320,10071.8,985.6,3121.1,68.4,10.7,5,1068.3,3513.2,4611.1,6189.5,0,20941.9,46.6,1276
"85(1,D13)","CLIN-0199",2575.5,8794.7,21.8,6419.9,6476.5,69.4,5484.6,17.2,5100.3,21.5,2149.8,0,2291.7,1.1,22207.3,21.1,965
"86(1,D14)","CLIN-0291",3027.1,72.9,2334.7,54.9,2690.8,20.5,29206.4,7738.2,5213.3,1765.4,5721.3,3902.3,9217.1,15.9,23288,23.2,1224
"87(1,D15)","CLIN-0200",9051.7,62.9,142,5764.1,45.7,75.9,1222.7,9986,45.8,1571.1,62.9,2531.4,11558.9,13.6,22145.1,31,879
"88(1,D16)","CLIN-0292",44.6,3.8,52.3,4362.3,2891,20.5,1059.6,79.5,119.4,10045.9,163.7,19.7,1708,27.9,19714.3,18.9,1389
"89(1,D17)","CLIN-0201",7081.7,29,99.3,78.4,0.7,1195.2,22173.5,34,4146.7,2540.6,33.4,107.1,1140.6,0,19268.1,27,1164
"90(1,D18)","CLIN-0293",62.8,23.4,143.8,103,12679,109.7,3839.4,43.4,1458.6,2896.7,27.3,47.2,4571.9,0,21424,14.4,1293
"91(1,D19)","CLIN-0202",2529.3,27.5,6565.1,2725.6,39,6975.2,256.6,3382.2,110,10.9,27.1,11.9,5342.9,11.7,21004.6,23.7,970
"92(1,D20)","CLIN-0294",23.9,1755.2,33.9,4150.6,5700.6,12.3,2910.5,34.5,57.7,1118.1,85.8,65.3,9765.1,39.5,20183.6,38.4,1559
"93(1,D21)","CLIN-0203",8,46.1,2266.6,78.8,4981.9,26.8,101.6,11,79.9,38.5,44.9,27.7,1479.6,1.9,22513.1,16.5,1124
"94(1,D22)","CLIN-0295",87.2,2340,4185.7,4148.6,22.9,2737.6,8934.2,66.6,84.9,16015,155.2,64.1,4434.7,3.5,21957.3,0,998
"95(1,D23)","CLIN-0204",46.2,40.3,128.9,14.4,37.4,8765.7,40.4,1738.8,49.3,1551.6,74.1,0,3211.5,0,24757.6,52.8,1596
"96(1,D24)","CLIN-0296",55.4,44.3,912.9,57.5,23.1,25.1,1998.7,17.2,94.9,5709.8,202.5,5371.1,2292,20.1,21535.5,37.8,1434
"97(1,E1)","CLIN-0021",297.5,2857.8,13522.5,77,47.5,93.9,87,1712.5,1483.5,4127.1,131.4,62.1,2457.7,3.4,24103,67.5,1543
"98(1,E2)","CLIN-0113",4948.5,9103,4855,29.8,220.3,17651,28.1,32.6,9548.8,0,9062.8,78.4,2577.9,7.6,28287.3,32.1,1596
"99(1,E3)","CLIN-0022",5853.4,74.4,7.2,35.2,5372.9,16.9,88.8,22.2,1232,44154.2,6774,10524.2,2603.7,0,15987.6,66.9,1176
"100(1,E4)","CLIN-0114",11160,789.7,785.9,2310,56.1,1898.4,6.1,31.4,29.1,4516.8,1551.3,57.4,2917.7,0,19343.2,30.5,1074
"101(1,E5)","CLIN-0023",199.1,15.8,107.6,70.7,50.1,64.4,6731.2,72.7,12808.9,81.7,16.1,65.8,6839.9,12.6,22037,70.7,1592
"102(1,E6)","CLIN-0115",17132.5,8431.4,56.4,3590.8,2713,252.3,112.1,1969.4,0,164,1771.4,13413.7,2620.6,0,16579.2,58.3,843
"103(1,E7)","CLIN-0024",8201.1,10178.2,2315.3,6558.9,23.7,68.7,16.2,4951.4,68.6,15.3,117.6,3739.7,3058.6,34.7,20789.5,70.9,1418
"104(1,E8)","CLIN-0116",4826.8,126.1,30.6,10,57.9,41.2,70.4,138.6,6.7,60.7,1156,10.4,1944.8,19.6,23132.9,27.7,805
"105(1,E9)","CLIN-0025",54.4,6260.9,91.4,4410.8,3328.7,4662.8,101.8,628.3,1708.3,180.9,3339.8,12784.3,10548.8,0,24750.4,4.8,1405
"106(1,E10)","CLIN-0117",2816.9,8548.1,6520.3,17.8,5790.6,61,99.9,61,68,4353.7,12001.1,0,2003.9,18.7,24249.1,54.9,1138
"107(1,E11)","CLIN-0026",56,115.2,28.9,56.3,55.2,169.5,77.3,112.4,6812,4635,30.9,3553.3,1934.4,12.5,23308,41.1,820
"108(1,E12)","CLIN-0118",29.6,37.3,80.8,39.2,85.5,5104.4,10969.2,1.5,56.9,2354.8,37.3,14.1,3347.6,19.7,20652.6,51.3,934
"109(1,E13)","CLIN-0027",29.5,26.8,41.2,40.8,9199.6,25.5,5097,40.2,72.6,16.5,69.7,17.5,1854.4,11.3,21705.3,15,1292
"110(1,E14)","CLIN-0119",20.5,5737.6,49.2,14.1,3590.3,22.6,28.8,2618,14619.1,37.3,100.1,48.5,3315.2,0,24065.4,60.4,1498
"111(1,E15)","CLIN-0028",856.9,8233.7,109,2397.6,3938,4907.1,12355.3,45.4,15.2,2508.9,5198.1,61.1,3248.8,0,20779.9,27.5,1217
"112(1,E16)","CLIN-0120",11.5,24.4,0,54.9,13.3,1259.1,158,2502.7,27,8074.7,1978.8,19.4,2548.7,11.5,20306.6,33.1,1391
"113(1,E17)","CLIN-0029",10816.6,75.7,7127,5477.9,0,25.9,5115,19166.3,43.2,42.5,6407.2,100.9,8121.3,2.7,19262.4,21.1,1435
"114(1,E18)","CLIN-0121",29.8,32.4,5027.6,63.6,2413.2,92.3,1994,34.9,879.7,13.8,3140.8,25.2,2962.8,8.5,21043.6,124.1,966
"115(1,E19)","CLIN-0030",75,3774.7,22.2,9483.7,2175.6,72.4,11.7,2616.8,2540.7,1966.3,20.4,1359.7,3713.1,7.4,18501.7,28.9,886
"116(1,E20)","CLIN-0122",1393,12.7,4485.7,54.6,126.7,12391.7,9100.7,0,269.5,59.4,91.3,82.3,6534.5,3.3,24643.7,36.5,1062
"117(1,E21)","CLIN-0031",56.5,152.4,20.9,17,46,60.8,646.9,939.6,16.5,1102.7,0,29.4,1061.5,0,23933.7,56.5,1372
"118(1,E22)","CLIN-0123",6541,9490,9865.2,26,111.2,2995.7,31.7,14106.3,22818.3,79.9,35.7,14.9,1805.8,11.3,20859.7,41.8,1557
"119(1,E23)","CLIN-0032",6200.7,24.9,123.9,2684.3,13588.4,1360.8,16838.5,6283.6,20668.9,65.1,120,58.1,10847.7,9.1,19281.3,63.1,958
"120(1,E24)","CLIN-0124",104.6,24.8,76.9,5129.1,145.1,35.7,4.5,44.7,22.1,57.4,147.3,2998.6,6208.9,14.7,23109,24.4,1258
"121(1,F1)","CLIN-0205",4887.1,36.3,2609.4,3762.2,97,526.7,1429.3,19.8,29.3,0,2029.9,4187.1,3466.9,0,21514,59.1,1103
"122(1,F2)","CLIN-0297",32.5,3050,103.5,20.9,41.9,71,4242.2,3208.7,3727.1,1634.7,6914,5135.2,7039.4,0,25773.9,45,1536
"123(1,F3)","CLIN-0206",40.9,107.6,14623.6,3364.2,3317.6,8.7,10.8,1230.1,731,77.8,126.2,4352.1,5507.7,10.7,22490.2,49,1465
"124(1,F4)","CLIN-0298",3828,65.7,2.1,30.1,44.5,13145.3,4521.2,7195.8,19599.3,5270.6,36.6,64.9,10704.3,28.4,21614.9,53.1,942
"125(1,F5)","CLIN-0207",70.3,7379.9,2.7,111.3,39.4,75.6,258.5,5300.9,14120.5,7.7,29.3,115.2,7153.7,4.5,22840.3,18.6,1296
"126(1,F6)","CLIN-0299",3711,5620.7,65.2,15.2,1490.5,25.3,116.7,25.1,53.7,3709.5,5.6,1506.4,3371.4,47.3,21060.9,29.7,924
"127(1,F7)","CLIN-0208",26.3,117.4,2963.6,28.1,613.7,5.7,24.8,13629.5,21.9,44.9,0.2,43.4,5305.9,1.6,24705.5,4.4,1109
"128(1,F8)","CLIN-0300",110.3,2257,61.1,66,4894.8,46.2,15.5,31.6,96.7,67.7,7506.1,179.1,4781.1,0,14736.2,7.2,901
"129(1,F9)","CLIN-0209",5812,647.2,903.3,76.8,2423.8,17.7,4374.3,2259.6,188.2,0,65.8,6321.5,6377,11.4,27749.8,29.5,1190
"130(1,F10)","CLIN-0301",116.2,94.7,37.5,2780.7,74.6,13066.4,4328.1,116.8,64.8,2153.5,3275.3,34.9,5468.1,4.1,20816.2,11.8,1482
"131(1,F11)","CLIN-0210",2256.3,64.1,140.7,3156.9,14824.3,7390,68.2,92.3,6286.5,142.4,14595.3,2105.2,1736.2,6.4,27461.5,17,1516
"132(1,F12)","CLIN-0302",13477.8,14825.3,4845.5,30.6,2446,62.3,157.2,109.1,2046,87.3,11121.6,61.5,6949.4,5.2,22542.7,28.1,1046
"133(1,F13)","CLIN-0211",825.5,4502.6,103,2770.3,2596.1,46,4929.5,4756.7,75.8,47.3,103.1,80.5,2976.7,0.8,27102.1,66.9,1025
"134(1,F14)","CLIN-0303",5295.8,58.6,6605.6,7045.1,1451,8664.4,51.6,2510.4,46.9,25.5,96.2,47.1,5950.6,9.9,21713.9,46.3,1584
"135(1,F15)","CLIN-0212",66.8,189.5,21.2,59.2,8901.2,27.7,59.2,681.3,98.8,41.4,0,64.6,2810.4,32.8,21462,55.7,1031
"136(1,F16)","CLIN-0304",91,11.2,64.5,5402.3,10.9,44.2,12807.7,2760.5,2093.6,1675.9,23,1.6,1870,5.4,21249.6,77.2,1552
"137(1,F17)","CLIN-0213",78.9,113.4,2641.3,37.7,43.9,4899.2,22.5,113.7,847.5,2.9,13772.4,75.4,2382.3,16,19405.5,41.7,959
"138(1,F18)","CLIN-0305",2953.1,93.1,8879.8,1140.2,127.1,77.7,7.8,5584.7,9245.1,4837.2,46.7,1480.5,4205.9,11.1,20860.7,18.7,968
"139(1,F19)","CLIN-0214",6138.6,7065.7,56.4,6623.4,9303.2,46.1,102.8,46.7,5523,4280.7,3.2,101,13382.4,0,20596.6,27.3,1578
"140(1,F20)","CLIN-0306",49.8,64.7,2259.8,87,36.1,37.1,29.3,4863.8,3999.6,113.6,97.1,129.4,4749.7,22.3,25106.5,7,1310
"141(1,F21)","CLIN-0215",79.8,5904.3,5020.8,65,873.6,57.5,40.9,1665,5893.8,90,1022.2,2.7,2596.4,32.8,23446.5,26.1,1348
"142(1,F22)","CLIN-0307",5447.1,22,43.8,152,50.1,4625.1,30.2,3204,130.1,4397.1,0,92,2118.3,0.3,24626.6,71.5,1232
"143(1,F23)","CLIN-0216",2130.1,142.6,11543.2,29.1,87.3,28.1,2597.1,41.6,6749.7,42,21.8,3228.6,1499.6,0,26277,26.3,1029
"144(1,F24)","CLIN-0308",173.7,2282.6,6543,8589.2,104.4,24.2,5841.8,1502.7,15.7,86.6,2353.3,76.4,14678.2,29.2,27447,21,1015
"145(1,G1)","CLIN-0033",42.2,59.4,18043.8,25.8,57.3,67.8,42.6,4484.4,8719,1204.9,8400.9,1.5,2449.2,0,24022.7,32.9,1274
"146(1,G2)","CLIN-0125",77.3,6787.2,32.3,222.8,3253.9,27.5,4411.7,14717.2,5696.4,6722.1,1229.4,2816.7,1950.7,35.2,19606.7,61.8,875
"147(1,G3)","CLIN-0034",9.8,33.7,115.9,2268.3,0,16.4,84.8,1.4,49.1,42,92,2.1,1315.7,0,21809.5,54.5,1508
"148(1,G4)","CLIN-0126",4436.1,5771.2,2266.3,68.4,16.4,6607.9,105.9,2110.3,590.2,75.1,5207.2,26.3,15096.2,0,21696.9,0,1424
"149(1,G5)","CLIN-0035",2066.4,3350.2,31,3724.2,116.1,7349,32.1,60.1,30.1,5961.1,46.4,27.4,1832.6,0,20799.6,4.5,927
"150(1,G6)","CLIN-0127",9.4,44.6,36.4,127,107.9,38.6,86.7,0,14181.4,62.4,2859.9,24.4,786.7,3.5,19036.8,53,1151
"151(1,G7)","CLIN-0036",37.4,1933.3,45.1,40.2,254.1,48.9,1635.2,1670.8,16954.1,1595.3,31.6,125.3,3060,17.7,20323.6,7.3,1227
"152(1,G8)","CLIN-0128",250.1,89.9,99.6,10711.5,11.2,64.3,10288.7,36.9,7798.9,2693.6,6548.2,1411.3,4827.4,1.6,21204.7,31.7,1139
"153(1,G9)","CLIN-0037",11732,24.3,44.1,3147.9,70.7,1402,1509.1,7185.5,2522.9,125.8,0,45.3,6016.5,8.8,20453.2,46,1329
"154(1,G10)","CLIN-0129",43.9,89.2,4627.7,10672,21276.9,2796.3,149.4,10083.8,2349.4,3356.7,6455.9,2244.2,4866.4,12.7,25098.3,22.6,1017
"155(1,G11)","CLIN-0038",2646.8,3420.5,1855.4,155.9,11255.1,7596.5,915.2,3297.3,61.7,39064.5,9.7,96.5,8190.2,25.3,20467.5,8.8,1326
"156(1,G12)","CLIN-0130",8902.5,91.7,2088.4,3547.9,2031.6,6545.9,6300.2,1992.1,72.4,5750.5,6324.8,2038.2,4393.2,1.1,22111.8,33.6,1239
"157(1,G13)","CLIN-0039",831.1,58,2608.4,10.2,836.7,48.3,0,104.1,28.3,84,116.3,8592.7,8306.6,0,19807,38.6,892
"158(1,G14)","CLIN-0131",2519.1,53.5,46.2,31.2,748.8,32.4,58,179.4,51,3938.5,49.1,10.1,3335.9,59.7,26726.6,94.2,1165
"159(1,G15)","CLIN-0040",25.3,105,104.4,222.6,45.1,11.3,3639.4,64.3,134.4,62.5,3882.9,72.7,2966.9,14.6,17099.9,110.5,1388
"160(1,G16)","CLIN-0132",0,5978.5,0,10879.8,29.2,2982.6,5042.3,3838.8,55.4,6148.1,28440.6,51.4,2313.7,18.9,21428.3,89.5,1103
"161(1,G17)","CLIN-0041",42.1,8.3,128.6,61.5,3303.7,1868.2,3.2,57.5,59.2,4881.6,61.1,2300.1,4541.3,0,22828.8,60.2,1373
"162(1,G18)","CLIN-0133",16329.2,841.1,33.5,3452.8,0,0,112.7,8.9,5236.5,89.4,17039.8,2162,3639.2,0,20653,71.5,840
"163(1,G19)","CLIN-0042",8789.3,3131.1,29.7,65.3,89.5,76.9,3937.5,91,47.5,240.1,150.3,5.3,4150.7,19.9,29865.7,87.3,1425
"164(1,G20)","CLIN-0134",20,146,1595.5,4597.4,17503.9,48.4,34,689,3805.3,35.9,2200.6,37.7,1628,68.9,26551.1,51.4,947
"165(1,G21)","CLIN-0043",8685.3,52.3,4883,141.2,5328.2,133.6,32.2,893.8,100.3,1531.7,177.1,33.4,3916,0,21095.2,27.3,1133
"166(1,G22)","CLIN-0135",59.5,3316.1,43.9,4119.1,27.3,2834.1,4.8,62.3,11.1,33.8,16363.6,51.7,1366.5,0,18555.6,17.3,1405
"167(1,G23)","CLIN-0044",3685.9,16241.3,75,7.6,22.4,5440.9,2062,6575.7,1480.6,1193.9,7519,6892.5,2249,0,22392.9,23.7,1144
"168(1,G24)","CLIN-0136",564.3,936.3,90.4,1491,2870.4,3139.4,93.5,19.9,2160,48.3,42.6,66.1,2982.6,0,18249.1,55.9,924
"169(1,H1)","CLIN-0217",7322.3,18.1,1135.1,53.5,12381.9,67.9,3075.1,71.4,2.5,9.2,64.4,2089.1,2250.7,0,19610.6,43.5,1347
"170(1,H2)","CLIN-0309",10.6,7.4,26,31.1,28.3,2066.4,44.5,31.9,149.4,4291.7,154.3,7325.1,7791.1,0,25796.4,47.8,1203
"171(1,H3)","CLIN-0218",34.5,63.4,121.9,22092.9,11035.6,944.7,5.4,0,6976,15.8,54.1,3574.2,4104.9,0,21349.3,58.1,905
"172(1,H4)","CLIN-0310",3440,40,979.7,7762.3,59.1,1160.2,1215.5,5702.8,160.7,2969.2,1160.3,57.4,3098.8,20.4,24897.6,79.9,913
"173(1,H5)","CLIN-0219",6545.6,1145.6,106.5,254.5,10.4,6640.1,76.3,78,12836.4,28.9,70.7,83.1,4967.1,0,21249.6,56.6,1549
"174(1,H6)","CLIN-0311",48.1,50.1,19.8,3468.7,22.2,2326.2,1608.2,37.2,0,11266.3,1588.4,4554.9,3189.2,13.7,17050,14.7,824
"175(1,H7)","CLIN-0220",34.2,40.4,3985.2,6057.6,4222.5,5790.2,6218.2,3249.4,1415.2,55.1,1593.1,100.2,2474.9,26.6,26051.1,46.3,801
"176(1,H8)","CLIN-0312",48.5,1833.7,1475.7,1830.1,149.1,21.3,39.5,117.5,5647.3,1550.2,8196.8,269.9,882.3,50.5,17492.8,14.9,1047
"177(1,H9)","CLIN-0221",9060.9,6331.9,8024.3,2254.2,994.5,76.5,36,64,19.4,1700.3,11.1,54.9,3922,0,21175.2,47.9,1326
"178(1,H10)","CLIN-0313",26,53.4,91.5,2775.9,52.6,119.3,52.3,3995.6,4874.5,1420.9,3979.5,24.9,2245.1,0,23926,21.4,955
"179(1,H11)","CLIN-0222",32.4,5241.3,19.4,2999.3,1482.8,76.4,199.6,2158.7,65.7,5089.8,3217.9,1720.9,3148.7,25.3,25710.9,43.6,1407
"180(1,H12)","CLIN-0314",79.8,59.8,1289.2,53.6,40.4,55.2,65.9,5.5,3432,10.3,13046.5,1052,4234.5,12.5,18068.1,19.4,918
"181(1,H13)","CLIN-0223",8.7,1883.1,1.9,2844.8,13535.7,0.6,1880.3,23131.2,14.2,0,136.3,80.3,5432.4,0.7,27156.9,30.3,992
"182(1,H14)","CLIN-0315",35.8,4450.5,110,83.7,43.6,56.3,30.7,3355,34.4,46,55.1,1733.1,6437.5,0,21840.5,37.6,1325
"183(1,H15)","CLIN-0224",191,1587.4,4428.9,6987.8,4249.5,56.8,866.9,1.3,85.5,57.6,48.2,10525.9,2192.9,0,21630.8,16.9,822
"184(1,H16)","CLIN-0316",58.6,3454.8,18422.7,2036.6,25.6,67.9,43.3,0,2354.7,37,98,61.4,2358.2,0,18938.8,73.8,851
"185(1,H17)","CLIN-0225",5333.7,62.7,1549.9,1967.4,2573.8,7.1,153.9,33.4,10192.3,46.6,3532.5,4598.4,5191,13.8,23894.6,43.1,1402
"186(1,H18)","CLIN-0317",61.9,5705.3,66.2,29.3,15,59.8,80.1,6325,4566.5,19.7,0,43.4,4312.8,10.5,20312.2,0,1189
"187(1,H19)","CLIN-0226",2047.3,3673.7,134.2,29,4122.5,8843.1,4670.2,45.1,18.9,58.9,1632,58.7,2609,0,22959.9,36.2,970
"188(1,H20)","CLIN-0318",1808.4,5402.8,61.7,2072,10548.3,33.4,21.4,23.6,19.6,26,712.4,0,695.2,6.4,17027.1,61.9,871
"189(1,H21)","CLIN-0227",30.6,1039.6,91,6692.3,71.3,6216.7,70.7,115.1,5656.8,38,11.6,9.6,3641.4,5.9,26000.8,39.6,1187
"190(1,H22)","CLIN-0319",82.7,31.5,126.1,5.9,42,43.4,3189,119.4,6092.4,7.9,4236.3,47.1,3739,5.8,25317.3,67.2,1155
"191(1,H23)","CLIN-0228",26.5,6040.9,72,83.3,94.4,6586.3,22.8,37.8,3882.8,5839.3,116.2,62,5341.6,18.5,25948.3,68.6,1407
"192(1,H24)","CLIN-0320",5144,7909.4,0,99.6,34.9,1146.5,8868.4,92.4,12350.2,1043.8,1599.9,5327.6,5460.9,0,23111.7,6.7,1140
"193(1,I1)","CLIN-0045",45.7,887.7,7677.1,29.5,6730.1,31.3,151,15162.3,134.5,106.3,3376.3,23.6,2582.6,4.3,24715,0,1130
"194(1,I2)","CLIN-0137",2455.6,47.4,100.5,5211.9,3899.2,90.5,2301,2391.9,30,101.9,18.3,4581.8,2151.8,0,24081.4,18.5,1474
"195(1,I3)","CLIN-0046",15.4,40.5,5.6,61.5,990,3388.1,10173,9450.2,78.4,0,6.2,4733.3,6005.7,0,15463.5,110.8,850
"196(1,I4)","CLIN-0138",2445.1,27.9,90.6,21.1,139.7,47.3,5611.7,7.9,3053.5,2307.4,164.6,7172.1,2819.3,0,22414.1,63.1,1045
"197(1,I5)","CLIN-0047",71.3,112.8,7450.3,7993.4,28,6150.2,1108.8,5958.1,48.4,1.7,85.1,1126.8,2512.4,0,18121.9,38.3,1428
"198(1,I6)","CLIN-0139",6354.5,4366.1,1835.7,1204.2,93.6,1442.6,28.9,32.9,56,41.5,57.5,30,2853.3,0,27706.4,33.6,1122
"199(1,I7)","CLIN-0048",56.1,49.8,8.8,120.1,139.7,1993.8,77.4,133.4,6037.2,21,24.6,40.4,1671.6,9.6,22507.9,14.5,1542
"200(1,I8)","CLIN-0140",4416.7,64.3,5645.6,2235.5,22.2,4811.3,24.9,2815,15833.2,9861,12.4,2593.3,1684.1,0,18438.9,134.4,1569
"201(1,I9)","CLIN-0049",17.6,13566.8,77.1,91.9,158.6,17.3,52.7,7714.5,70.2,2143.7,48.1,172,4901.9,0,21686.6,28.7,1001
"202(1,I10)","CLIN-0141",3232,2659.5,1239.8,6764.9,62.2,21.8,7533.9,78.2,6.9,2881.7,123.6,31,1400,0,27683.1,36.4,1567
"203(1,I11)","CLIN-0050",53.7,76.1,148,2609.1,62.6,5445.9,19.2,172.9,48.2,3319.1,2347.2,6339,6264.1,0,21900.2,2,1525
"204(1,I12)","CLIN-0142",155.6,66.8,7.3,4622.9,29.9,150.1,15874.2,47.1,6608.1,43.7,62.2,94.8,942.8,0.4,20696.7,75.4,1244
"205(1,I13)","CLIN-0051",90.3,0,31.2,3422.4,105.7,2226.3,4650.4,88.4,6243.7,87.9,89.3,13603.9,2852.4,0,19595.1,63.6,1582
"206(1,I14)","CLIN-0143",32.2,18959.9,5433.4,49.7,5115.6,23.4,48.2,7954.5,79,2585,2069.6,5987.8,2268.5,22.4,28304,51.7,1483
"207(1,I15)","CLIN-0052",114.2,3898.5,4043.2,0,3024.1,17172.9,5698.6,34.7,3817.2,7169.6,107.4,57.7,2411.4,23.3,23448.2,27.8,1061
"208(1,I16)","CLIN-0144",49.4,5358.2,6.4,14011.1,4487,7140.5,13.3,845.9,56.6,26.8,44.9,3595.5,1828,4.6,21819.2,20.2,1517
"209(1,I17)","CLIN-0053",53.3,9186.5,8.5,87.8,2610.6,221.9,68.5,25.6,32.2,50.7,70.8,113.2,3455.2,25.8,22245.2,53,1148
"210(1,I18)","CLIN-0145",4928.2,51.2,56.6,12298.8,586.5,64.7,64.5,2310.7,63.7,909.2,2922.1,202.3,1045.5,14.8,23250.6,16.2,1371
"211(1,I19)","CLIN-0054",11799.7,19.7,3209,37.3,40.1,1317.3,4300.5,77.4,11.1,2271.9,75.9,1483.7,4875.3,0,17334.3,18.1,964
"212(1,I20)","CLIN-0146",15.1,77,11.7,1168.3,111.5,9923.2,51,29.6,89,47.2,954.2,171.8,2800.4,0,27341.3,38.9,1589
"213(1,I21)","CLIN-0055",2921.5,64.4,1557.7,5.4,53.4,2200.9,82.2,8672.2,49.3,39.2,0,124.7,5215.2,0,23180.7,23.4,1002
"214(1,I22)","CLIN-0147",3483,14150.8,2287.2,1.6,56.7,87.7,59.5,36.5,6290.7,36.7,73.6,103.8,2962.9,24.4,25999.9,40.6,1274
"215(1,I23)","CLIN-0056",12.3,1269.2,70.1,6162.6,3436.8,11688.9,12.2,4822.5,2624.6,76.7,5092.2,61.2,2095.5,10.5,20609.2,72.6,1041
"216(1,I24)","CLIN-0148",15.2,18529.7,14.8,109.1,47.9,36.2,32349.2,6560.4,60.9,34.5,6550.6,2150.6,20165.8,0,22972.7,55.6,968
"217(1,J1)","CLIN-0229",4887,12.8,64.2,57,1392.9,3042.8,20648.1,28.2,157.1,122.7,7946.3,5399.3,9599.1,5.7,22532.6,2.4,1454
"218(1,J2)","CLIN-0321",1722.2,9290,12917.8,874.5,1239.2,206.1,87.3,90,2121.6,1256.8,120.1,1149.3,5069.3,0,26218.7,23.6,1455
"219(1,J3)","CLIN-0230",6483.1,105.9,1901.7,1669.4,36.2,62.8,18.7,1318.3,54.6,52.1,266.3,1812.7,4168.5,23.8,28652,42.1,1513
"220(1,J4)","CLIN-0322",7954.5,5916.3,19.3,4594.6,35.4,26,2028.7,17496.2,82.7,39,5033.3,1.9,1392.3,29.3,21824.1,28,879
"221(1,J5)","CLIN-0231",2.6,29.6,3258,25.8,89,2786.4,1766.8,3125.5,29.6,4300.4,36.1,15.1,1386,2.4,26056.4,0,834
"222(1,J6)","CLIN-0323",4650.2,5401.7,70.4,626.8,4.6,5110.2,5413.5,29.4,8199.8,100.1,12969.9,4629.7,17574.7,0,23606.3,43.2,1080
"223(1,J7)","CLIN-0232",41.1,131.5,2113.6,0,847.3,11379.9,36.8,31.6,4235.9,3353.9,7677.1,2239.1,3481.1,10.6,21746.7,30.5,1042
"224(1,J8)","CLIN-0324",5485.4,5960.5,12.1,1948.4,3748,10663.7,15,54.4,1160.6,2657.5,8187,24.6,3855.9,10,27388.3,51.8,1305
"225(1,J9)","CLIN-0233",2566.6,5801.4,67.5,2.8,8590.6,118,4636.1,28.8,3604.6,8940.3,9160,9727.8,3679.4,0,17398.7,25.9,1567
"226(1,J10)","CLIN-0325",5893.1,4.8,3709.6,27.2,2956.9,1167.5,53.9,8.2,10.6,153.7,2455.6,7591.8,3029.7,4.4,22977,89.5,1318
"227(1,J11)","CLIN-0234",44.7,23.9,22223.8,2223,3520,117.3,64.9,22477.2,3123.5,27.4,56.4,1347.1,7533.2,0,21179.5,12.8,954
"228(1,J12)","CLIN-0326",46.1,13439.6,11432.1,2137.4,8642.9,5.3,79,3.1,115.4,2452.3,3154.8,119.2,936.3,0,22458.4,30.2,1271
"229(1,J13)","CLIN-0235",129.5,1761.9,50.8,6252.6,28.2,15.3,3660.7,6549.7,563.2,113,17422.6,13363.4,2071.3,0,22393.2,129.1,1041
"230(1,J14)","CLIN-0327",3733,38,82,51.3,101.1,5450.8,3664.8,2504.2,5057.5,61.2,32.4,31,7591.1,13.7,26153,13,1021
"231(1,J15)","CLIN-0236",98.1,18.5,17.6,9204,9512.4,95.6,46.5,24.8,47.6,195.5,6113.8,61.2,1001.3,31.9,20960.4,12.8,817
"232(1,J16)","CLIN-0328",4866,7426.3,58.5,34.8,2618,4799.3,10238.5,69.7,0,80.4,10109,65.5,1197.5,15.8,17511.8,7.3,1521
"233(1,J17)","CLIN-0237",126.5,4302.8,1632.5,6.5,31.7,49.1,11604.7,1982.9,40.6,65.9,75.1,145.1,4729.1,13.9,21854.3,62.7,1405
"234(1,J18)","CLIN-0329",59,58.6,11.9,2825.3,6591.6,19.5,3290.2,2396,1603.9,58.9,70.4,4405.1,6105.6,22.6,16318.3,21.6,1238
"235(1,J19)","CLIN-0238",1719.9,196.3,27.8,90.4,42.2,136.3,46.5,1618,565.4,11054.8,8719.2,8620.1,6274.6,18.8,28010.7,92.5,834
"236(1,J20)","CLIN-0330",4093.9,87.1,1171.8,81.2,6752.9,38.7,2459,7617.5,5688.3,53.3,6173.2,78.3,2266.7,0,19770,90.5,1277
"237(1,J21)","CLIN-0239",7663.7,55.4,17.2,172.8,44.7,7409.7,1009,58.6,44.1,40.8,136.7,49.7,3180.1,0,23266.3,38.4,1513
"238(1,J22)","CLIN-0331",60.1,30.8,3454,3133,7476.2,2954.4,4,74.9,15.6,6141.6,13.1,14583.3,3720.2,48.4,22859.7,24,1341
"239(1,J23)","CLIN-0240",10542.4,1955,146.8,35.8,1396.7,15.7,17.3,4426.1,5.5,373.6,61.3,123.9,2065.2,0,23906.4,131.1,1108
"240(1,J24)","CLIN-0332",52.1,92.8,124.3,51,54.2,2416.8,1970.6,41.2,208,7.4,0,34679.2,4009.3,18.5,26623.8,75.9,887
"241(1,K1)","CLIN-0057",8746.6,33.5,1260.1,4032.1,9.2,92.6,35.8,72.6,35.7,3502.2,0,41.6,4571,10.7,22516.1,66.6,1220
"242(1,K2)","CLIN-0149",28,5359.9,1314.3,1685.6,2228.9,17380.1,15.1,4536.6,140.4,44.3,43.7,60.6,1929.1,48.2,19373.9,67.5,1003
"243(1,K3)","CLIN-0058",15.5,8.6,122.2,7953.3,3406.4,59.1,0,41.6,15.9,42.1,31.1,691.5,2486.9,69.5,24761.2,45,991
"244(1,K4)","CLIN-0150",85.5,1510.3,51.1,95.9,5726.8,70.3,15.8,1880.6,40,33.1,2314.1,4368.6,2539,17,19837.8,79.9,1149
"245(1,K5)","CLIN-0059",106.9,1877,0.1,45.1,15.6,122.8,2470,5730.6,8022.3,27.4,81.7,27.7,3395.5,25.1,21207.7,72.9,1591
"246(1,K6)","CLIN-0151",27.6,94.6,52.1,3000,5738.3,28.8,10443.7,3008.6,7049.6,59,24.1,19.3,6375.6,18.5,20782.8,24.8,1307
"247(1,K7)","CLIN-0060",5220.7,1427.9,9.6,2417.9,108.9,109.3,1032.8,109.7,998.2,126.2,5738,38.3,2178.7,2.3,27231.4,9.7,1433
"248(1,K8)","CLIN-0152",39.1,20693.3,22.7,35.5,0,1687,3595.1,3580.5,98.6,27.4,1647.3,3414.6,4611.1,12.7,18435.8,23.5,1280
"249(1,K9)","CLIN-0061",0,5.6,83.9,63.1,2885.2,22908.1,1635.1,2376.6,50.3,3796.8,37.9,156.1,2624.3,34.4,19532.6,0,1145
"250(1,K10)","CLIN-0153",12592.4,833.8,778,16,14034.7,28.4,57.6,6518.2,7545.7,15.2,4153.1,30.1,5858.5,32.2,14843.3,44.5,1284
"251(1,K11)","CLIN-0062",7143.5,3816.9,0,10157.3,3798.2,116,39.9,32.1,1032.3,8.2,8444.9,4118.1,2011.1,48.2,21368.3,22.8,1140
"252(1,K12)","CLIN-0154",59.2,69.5,43.9,58.2,85.4,33.9,7253.9,3204.8,13921.1,51.8,2592.1,3769.7,5165.1,11.6,24036.4,22.5,999
"253(1,K13)","CLIN-0063",2570.6,93.1,203,4528.4,54.8,7454.1,65.8,8853.1,34.5,45.9,10245.5,86.9,7161.7,0,23908,19.4,977
"254(1,K14)","CLIN-0155",19.4,4775.3,9650.5,2914,1968.8,30.1,53.1,45.6,13496.8,49.3,43.7,24.1,2452.4,14.6,24349,38.5,1483
"255(1,K15)","CLIN-0064",7123.6,58.2,31.4,26.2,13576.6,577.4,35.1,1362.8,5536.7,2215.6,20.4,38.3,1172.3,12.3,29359.6,72.6,1267
"256(1,K16)","CLIN-0156",67.1,137.4,8076.6,67.3,51.7,83.4,25.6,169.2,185.4,42.8,20906.9,0,3117.1,18.9,20640.1,16,1304
"257(1,K17)","CLIN-0065",45.4,220.6,2568.2,420.3,20.6,5.1,203.2,29.3,1169.2,102.7,5416,123.5,2458.3,14.5,24647.8,50.5,1428
"258(1,K18)","CLIN-0157",10.3,10795.5,17.5,9151.6,985.7,11107.1,51.8,161.3,46.8,49.2,250.4,24.4,3211,28.5,22028.5,51.7,1203
"259(1,K19)","CLIN-0066",8.2,86.6,8751.6,4094.5,33.9,3382.6,7,38.4,74,133,121.3,1.5,1768.3,51.3,18125.2,65.3,1541
"260(1,K20)","CLIN-0158",50.7,51.3,24.9,153.1,2485.1,938.7,16.2,6516.3,133.2,41.7,13317.1,62.3,4297.9,20.6,19490.4,35.6,1094
"261(1,K21)","CLIN-0067",166.9,95.4,0,2451,3610.4,181.5,41.6,6027.5,60.7,22788.5,13.7,55.6,1655.7,0,23517.1,132,1573
"262(1,K22)","CLIN-0159",10,3793.1,4199.7,165.4,110.7,4332.4,0,12.1,179.4,2071.2,130.3,128.3,1570,11.9,24983.2,30.6,1348
"263(1,K23)","CLIN-0068",5026.1,44.2,42.6,28.8,2816.7,1127.4,17358,125.1,110.1,73.9,52.9,74.1,3534.5,3.2,20725.5,33.2,1577
"264(1,K24)","CLIN-0160",29.6,0,98.9,103.9,120.9,60.3,11922.2,1595.7,75.4,3643.4,1806.1,22.7,4210.4,34.4,19189,31,889
"265(1,L1)","CLIN-0241",92.4,79.2,786.3,16.3,1491.7,11579.9,37.8,7149.9,10955.7,5733.5,6043.8,1890.8,2383,8.6,21485.5,11.6,1494
"266(1,L2)","CLIN-0333",16.6,105.3,38.1,4105.4,223.8,10603.7,43.5,17,8764.8,1477.2,119.7,25.1,6470.9,22.8,18723.4,24.7,877
"267(1,L3)","CLIN-0242",2409.3,4290.6,81.6,21.3,8.7,1520.3,8105.6,50,1951,477.7,1918.9,8012.4,7521.9,34.4,22436.1,19.1,916
"268(1,L4)","CLIN-0334",0,103.9,48.3,48.4,224.3,7421.8,0,10102.7,1791.6,26.4,27.1,3.3,5900.9,0,27146.4,18.9,1402
"269(1,L5)","CLIN-0243",1878.6,6120.9,4220.5,74.5,64.4,168.8,4715.6,24,7383.5,3413.9,141.1,1839,9502.4,3.7,19712.1,42,1430
"270(1,L6)","CLIN-0335",6325.5,39,67.1,8214.7,10.9,75.8,3304.5,115.9,41.4,1842.5,2124.3,2311,6354.5,22.6,22428.6,54.8,1017
"271(1,L7)","CLIN-0244",23707.6,96.3,74.4,1720.5,79,65.3,1314.3,2943.6,2595.6,89.6,5279.9,56.8,17010.2,7.1,23951.7,25.6,1341
"272(1,L8)","CLIN-0336",25.1,66.8,51.2,63.9,1675.7,48.1,2311.7,122.1,92.4,2.4,12820.2,676.6,2045.4,46.7,20932,38.3,1537
"273(1,L9)","CLIN-0245",0,4550.7,24.2,29.6,46.7,115.1,80.2,34.2,1087.5,49.9,186,1039.1,2931.8,5.4,26344.2,27.5,951
"274(1,L10)","CLIN-0337",2853.2,3003.9,1211.2,8793.2,20.8,141.1,1663.9,7,10.9,0,74.7,12,1139.9,0,25188,19.6,1059
"275(1,L11)","CLIN-0246",88.1,684.4,15.3,1943.5,58.4,47.7,7820.4,4475.2,83.5,2344.5,12429.5,1543.8,6493,23.3,19637.9,47.9,915
"276(1,L12)","CLIN-0338",113.3,146.2,8580.5,20.6,3.5,74.8,56.2,3542.1,173.5,14.2,7642.4,48.1,7110.9,7.1,20423.1,0,1281
"277(1,L13)","CLIN-0247",1311,39.1,7968.7,5284,2628.5,2915,110,1415.2,2954.9,29.4,13340.4,89.2,1269.9,25.2,24731.6,4.4,1409
"278(1,L14)","CLIN-0339",62.6,2.6,74.9,15.8,2323.2,1117.6,111.7,68.9,8,4765,701.7,0,4605.6,17.9,18246.9,0,1347
"279(1,L15)","CLIN-0248",6.4,4629.9,22.3,13.8,4185.3,17.3,7560.9,4916.4,12622.2,1915.2,156.5,19.1,5062.4,0.9,18016.8,47,902
"280(1,L16)","CLIN-0340",1423.7,61.5,70.7,104.1,16994.1,120.5,17.5,3598.1,148.8,1965.6,69.7,169.1,5388.1,1.6,22239.1,74.5,1018
"281(1,L17)","CLIN-0249",60.4,2261.2,37.5,1641.1,30.3,2153.6,61.8,16104.6,73,16.9,5837,7243.6,2978.8,0,21873,11.6,1188
"282(1,L18)","CLIN-0341",4664.6,3577.5,2533.9,3.3,2797.6,4718.5,109,26.7,4499.5,4383.6,10.9,3743.6,1360.3,0,24768.5,32.6,1182
"283(1,L19)","CLIN-0250",719.1,105.7,125.9,72.2,6536.6,1626.4,3343.6,2428.9,51.3,43.6,119.3,69.4,2408.8,7.5,18819.5,39.3,1055
"284(1,L20)","CLIN-0342",7265,31093.1,1582.3,14.2,68.3,1481.6,55.8,27.4,10.4,54.7,4187.2,7447.2,10287.9,9.6,21360.5,56.7,829
"285(1,L21)","CLIN-0251",7152,7562.1,17873.7,1575.3,30546.3,2110.7,41.5,22.8,82,6792.4,309.3,18885.8,3194.6,0,21331.8,43.4,1152
"286(1,L22)","CLIN-0343",35.9,2874.8,2271.6,1801.7,1208.3,61.3,56.1,5665.2,7655.7,24.5,9838.1,9.8,3531,0,18813.2,39.2,1588
"287(1,L23)","CLIN-0252",42.9,48.7,30.3,6858,13636.1,8.3,3035.7,58.4,42.2,9466.3,46.6,12294.9,3136.4,0,21133.1,9.7,1403
"288(1,L24)","CLIN-0344",60.3,28.6,66.3,6676.4,54,29.7,549.7,27.3,53.7,16.6,11146.5,728.9,2401,23.6,23020.8,64.1,1325
"289(1,M1)","CLIN-0069",111.8,42.4,64.7,5104.1,12.6,72.7,2320.2,14.1,2457.5,4148,27.6,103.1,1723.9,0,17618.9,8.1,908
"290(1,M2)","CLIN-0161",23.9,50.8,2232.8,3130.2,7,2572,53,10412.5,67.1,52,37.1,5408,1236,0,23763.3,17.6,1268
"291(1,M3)","CLIN-0070",12.4,55.7,17.9,20458,91.9,3247.7,61.5,2363.6,4566.4,11.6,2823.1,4029.8,2091.7,0,23835,46.9,1011
"292(1,M4)","CLIN-0162",8526.1,129.8,127.7,0,11686.6,27.4,2080.4,11748.5,1587.1,7575.5,744.6,110.4,3203.9,0,21896.2,2.7,1592
"293(1,M5)","CLIN-0071",73.4,2906.6,4868.6,41.9,3476.3,4041,29.2,2557.6,27.5,97.1,0,232.8,4120.5,14.1,19499,26.5,1568
"294(1,M6)","CLIN-0163",7928.7,16931.2,16.3,5103.9,65.5,4381.1,3793,103.2,32.4,98.5,3410.5,32.9,1374.6,6.7,23521,44.4,1499
"295(1,M7)","CLIN-0072",1823.3,82.3,73.9,2.6,16282.7,6317.7,60.7,48.3,15586.4,84.3,50.9,65.8,2231.2,38.1,25080.2,44.9,1270
"296(1,M8)","CLIN-0164",85.4,163.4,2096.3,0,1942.7,53.6,5029.2,3574.6,14644.7,34.7,3022.4,4265.1,2812.8,6.5,15630.8,54.1,1400
"297(1,M9)","CLIN-0073",7865.8,2935.4,4207.7,19.9,13683.2,80.1,63.3,147.1,2454.3,5261.8,26.6,4114.1,1836.1,0,35706.7,40.8,1157
"298(1,M10)","CLIN-0165",12380.1,61.8,0,1413.9,46.2,15892.1,87,64.3,25.1,53.4,110.3,4597.9,5169.4,20.1,33432.6,44.1,1555
"299(1,M11)","CLIN-0074",5223.5,1.9,2285,161,6088.2,59.5,74.1,9,53.4,170.2,1144.5,3702.7,5847.4,32.6,26722.8,94.4,920
"300(1,M12)","CLIN-0166",74.6,1168.3,124.7,1746.6,199.3,5566,49.9,51.6,23.3,2062.1,2363.9,43.4,5830.9,0,19168.9,42.6,1517
"301(1,M13)","CLIN-0075",38.5,2046.9,1462.4,3068,35.3,554.6,132.3,2788.6,39.9,1.3,1492.9,102.1,1392.9,0,18495.9,48.2,964
"302(1,M14)","CLIN-0167",85.5,91.4,1828.9,102.1,68.4,1094.7,43.8,0.7,37.7,29.8,1696,18.3,5071.6,4.4,16903.5,56.1,1101
"303(1,M15)","CLIN-0076",519.6,141.4,71.6,2580,7.5,17,126.8,11170.3,11.8,55.3,6848.9,145.3,3651.1,0,27120.7,23.8,1498
"304(1,M16)","CLIN-0168",25.5,2053.5,5552,3534.1,10742.6,42.3,46.4,25.8,14.8,24.2,71.6,177.5,8066.3,0.4,18775.5,31.5,890
"305(1,M17)","CLIN-0077",86.5,57.5,33,12289.4,20.6,42.1,1346.1,5099.9,81.8,0,20705.4,3533.5,4193.2,0,19208.8,101.4,1504
"306(1,M18)","CLIN-0169",12399.9,24.3,17,20,3574.1,14.8,44,4322,2170.6,6.5,2508.4,67.9,2575.4,12.9,22197.9,55.1,1019
"307(1,M19)","CLIN-0078",48.2,81.5,82.5,18.4,67.3,26.8,6756.1,4037.1,25,4059.2,49.5,79.1,3391.5,0,23131,31,897
"308(1,M20)","CLIN-0170",1821.8,5930.4,2070.1,3966.3,51.5,1904.9,25,6039.5,6379.1,2991.8,2778.2,4133.7,2508.6,4.2,26161.7,51.2,1561
"309(1,M21)","CLIN-0079",8.4,1002.2,55.2,80.7,29.2,42.3,9260.1,1533.5,26.6,33.5,13.4,2160.3,3372.1,9.8,24803.8,5.5,1333
"310(1,M22)","CLIN-0171",0,46.2,44.5,1725.4,60.9,7483.4,0,12.3,94.1,4148.2,1939.4,15.2,2904,13.9,17192.9,21.1,1171
"311(1,M23)","CLIN-0080",125.8,77.2,6436,72.5,81.9,16.9,38.8,43.3,120.5,2025.7,87.5,21.9,1725.8,0,24483.9,101.9,1408
"312(1,M24)","CLIN-0172",25.7,8533.1,1116.3,12.8,3106.8,117.9,71.3,0,298.1,87.7,115.5,0,8268.2,0,19990.8,13.4,1257
"313(1,N1)","CLIN-0253",43.1,104.3,49.1,81.4,105.6,57.5,53.3,26.7,30.1,2990.9,14262.3,69,5650.1,9.9,24243,26.1,986
"314(1,N2)","CLIN-0345",141.8,102,100.3,3909.7,51.8,49.3,28.6,5532.7,5748.6,39.2,26.5,7815.1,9547.7,2.8,16016,29,955
"315(1,N3)","CLIN-0254",77.7,4505.7,0.2,9287.6,8776.8,45.5,4207.1,138.5,58.6,2743,3539.8,104.5,2152.9,0,17822.2,27.4,1483
"316(1,N4)","CLIN-0346",1970.9,4762.2,95.5,141.7,3215.8,59.9,117,5.3,7388.5,24.2,9.8,42.2,1936,31.9,21156.8,25.4,816
"317(1,N5)","CLIN-0255",42,156,1424.6,11,25.7,30.9,531.7,1015.5,37.4,2357.9,74.6,25.4,2930.8,23.7,21097.4,53.7,1097
"318(1,N6)","CLIN-0347",25991.7,107.5,14.8,2.1,34.3,7217.8,1108.9,3927,3504.2,113,8656.4,38,2933.8,29,22401.8,47,1351
"319(1,N7)","CLIN-0256",87.2,14764.5,61.5,2723.2,2900,4,101.5,1600.4,3180,104.7,46.6,2936.2,1437.6,10.1,23495.2,86,1554
"320(1,N8)","CLIN-0348",58.3,36.3,36.6,7871.8,38.5,6102.2,1833.7,3641.1,4.5,29.2,99.5,54.3,6073.9,13.9,20375.7,0,1594
"321(1,N9)","CLIN-0257",127.3,20,91.6,89.9,68,8.5,74.2,0,5666,3508,2879.2,11.9,2235,30,20138.4,24.1,1113
"322(1,N10)","CLIN-0349",60.2,8377.2,71.3,2054.3,3261,33.2,88.5,2056.1,4477.1,56,116,3371.7,903.4,5.8,24969.3,43.4,1012
"323(1,N11)","CLIN-0258",54.4,21.1,87.9,11.6,51.3,5287.2,4732.3,20.3,2372.2,32.5,10405.6,6410.2,2106.9,1.9,17753.8,2.1,888
"324(1,N12)","CLIN-0350",53.5,631,34,4687.2,0,5339.9,91.7,4083.9,251.1,40.3,175.9,48485.8,5334.6,0.1,22660,34.7,1298
"325(1,N13)","CLIN-0259",2653.1,24.3,73.2,19.7,13.1,87.2,3.5,3537.5,3001.6,246.4,75.2,9688.2,3691,11.5,20813.5,5.9,1567
"326(1,N14)","CLIN-0351",58.2,1510.2,36.8,7018,14.8,34.4,1594.6,10906.8,3778.8,7017,95.6,52.6,3035.2,15.8,17772.1,29,1491
"327(1,N15)","CLIN-0260",1216,62.8,25.8,55.5,94,437.1,1393.9,4751.4,37.1,4117.1,2428.5,23,7838.9,0,21725.7,15.2,1344
"328(1,N16)","CLIN-0352",53.4,6617.1,4302.6,109.4,150,7068.7,102.6,62.4,2076.2,51.6,15.2,8703.4,3037.2,18.5,22547.5,22.3,1321
"329(1,N17)","CLIN-0261",109.2,2532.3,10394.3,55.3,1886.2,29,2518.6,46.6,33.1,119.1,103,4800.4,2489.1,29.2,28105.3,0,1520
"330(1,N18)","CLIN-0353",13598.1,8363.3,52.9,25.6,8395.3,60.1,26.5,88.9,66.1,68.1,2772.3,340.1,3626.7,0,21028.3,49.5,1598
"331(1,N19)","CLIN-0262",3786.7,2402.1,10959.7,168.3,15305.5,11.5,68.9,56.3,2586.9,43.8,30.6,2129.4,3633.7,0,17042.3,60.3,1466
"332(1,N20)","CLIN-0354",78.9,1452.4,8,35.7,20560.4,52.8,4515.8,89,68.1,33.3,4712.3,27.9,3261.6,11.2,24623.7,93.1,987
"333(1,N21)","CLIN-0263",6592.7,5600.3,6358.5,20946.8,1610.4,91.4,52.5,3117.5,1631.6,36.4,2541.4,6299,3052.8,8,19113.5,101.8,996
"334(1,N22)","CLIN-0355",3940.8,6158,5820.8,91.5,9.6,122.9,94.4,3.2,63.8,28.1,36.7,44.8,4724.7,0,26096.9,68.5,998
"335(1,N23)","CLIN-0264",45.6,13.9,59.2,70.5,3663,7682.1,45.5,6321.2,16.5,26.6,3723.6,67.4,2764.9,18.1,19996.2,36.5,1556
"336(1,N24)","CLIN-0356",5001.9,39.5,46.8,10.4,2195.1,2554.7,2338.4,5475.7,2161.8,115,2054.9,107.8,5432.8,33.4,26697.7,36.1,1292
"337(1,O1)","CLIN-0081",69.4,11367.4,3037.3,81.7,119,80.6,5215.2,1629.5,36.7,24.6,29,5.1,12837.1,0,21360.8,31.1,1126
"338(1,O2)","CLIN-0173",11098.1,0,1376,42.8,113,144,72.1,3995.8,3928.4,2560.4,63.1,60,4347.6,0,22203,13.1,836
"339(1,O3)","CLIN-0082",4956.9,69.3,5031.7,234.9,51.9,70.2,75.1,50.2,2337.2,1890.8,137.3,117.6,4414.3,12.7,22589.3,34.8,1490
"340(1,O4)","CLIN-0174",60.5,2040.4,8150.7,6283.8,0,10293.5,0,12263.1,3235,37.5,76.9,2882.1,4778.7,30.3,24918.6,56.9,1342
"341(1,O5)","CLIN-0083",11646.6,6437.7,112,1417.7,2778.9,25.1,9603.7,8.8,76.2,4394.1,148.6,15.5,2871.5,0,20679.5,0,1178
"342(1,O6)","CLIN-0175",5498.4,190.4,33.6,1836.6,3210.1,95.8,1527.6,114.6,3111.7,0,10614.1,11.7,4015.7,6.8,25232,0,884
"343(1,O7)","CLIN-0084",34.6,90.1,36.7,2983.4,2448.8,61.3,132.5,2140.9,1520.3,2311.7,3452.3,24131.6,4973.8,36.5,19288.7,8,1395
"344(1,O8)","CLIN-0176",2099.2,153.1,10920.7,16.3,49.5,5601.1,67.5,2262.6,219.7,1.4,4607.9,15,2374,0,23411.2,57.6,1568
"345(1,O9)","CLIN-0085",4144.5,112.7,140.2,10.8,0,1939.7,137.6,34.8,13997.2,2479.3,85.5,4747.9,5928.8,27.2,20196.8,20.1,1188
"346(1,O10)","CLIN-0177",7,37.2,932.2,33,1733.9,1.2,3044.6,19.4,4747.3,69.6,8357.5,16539.9,3552.6,0,21982.9,76.6,1314
"347(1,O11)","CLIN-0086",34.7,57.3,87.7,144.6,16055.7,5375.9,194,27.1,3145.3,68.1,3922.7,87.9,4648.9,0,24755.6,66.8,1381
"348(1,O12)","CLIN-0178",52.7,58.9,17482.1,35.4,4979.2,2986.6,33.1,8163.7,40.6,88,1880.2,12.1,9451.7,0,19718.2,45.7,1550
"349(1,O13)","CLIN-0087",2187.7,0,18783.4,9447.5,90.4,19.2,1702.8,152.7,12.5,129.3,7071.3,8848,2673.7,0,22228,37.1,1089
"350(1,O14)","CLIN-0179",2712,124.1,0,10.1,10120.5,79.9,51.2,4348.1,12.4,78.8,20657.1,40.9,3874,13.2,25143.4,39.7,1340
"351(1,O15)","CLIN-0088",273.2,33.9,97.1,2058.8,4366.1,3104.5,23.8,60.1,80.5,6496.1,17.7,107.5,2275.8,1.7,24268,0,1091
"352(1,O16)","CLIN-0180",12.6,26.4,28.2,21477.7,46.8,7627.3,13779.5,16.4,5143.7,32.8,3019.7,114.5,3400.8,0,22338.8,25.7,951
"353(1,O17)","CLIN-0089",2895.3,62.3,31,5487,135.7,26.3,5511.2,68.4,17867.8,52.2,0,31,3789.3,10.5,27417.3,56,1109
"354(1,O18)","CLIN-0181",10661.2,1512.6,4266.1,2242.3,9194.3,48.1,99.9,43.3,1741.1,129.3,66.3,14724.6,6149.8,44,19353.6,64.9,830
"355(1,O19)","CLIN-0090",75.1,110.3,4948.9,17737.1,111.4,7.6,7818.1,15.1,101.1,2654.6,46.8,146.4,3373.6,6.6,18805.5,72.8,831
"356(1,O20)","CLIN-0182",27.5,39.2,4375.4,53,28.6,1,84.4,6.3,2025,76.6,2601.3,86.7,7376.1,0,18488.4,45.6,985
"357(1,O21)","CLIN-0091",2662.3,11064.5,42,3381.8,117.9,122.5,1602.1,49.7,6973.2,944.9,20.3,19.4,4581.9,0,18579.8,59.1,821
"358(1,O22)","CLIN-0183",7639.4,9,12411,19696.3,78.2,75,32.3,15812.3,6508.9,13457.8,8257.6,1.8,6523.8,30.3,21343.5,6.2,1186
"359(1,O23)","CLIN-0092",1843,5952.9,43.4,1700.3,11.2,147.6,39.9,1442.5,6692.7,1828,69.5,72.8,1255.7,20.2,21861.5,42.1,1024
"360(1,O24)","CLIN-0184",11.9,31.7,1869.8,89.5,84.8,73.4,40.6,16520.3,1110.8,65.9,1757.6,5.1,4345.8,20.3,22179.1,80.2,1270
"361(1,P1)","CLIN-0265",4.8,12.7,4971.9,2771.7,216.1,2236.6,10702.1,62.8,99.9,39.1,3295.4,126.8,2549.7,0,25754.6,132.4,861
"362(1,P2)","CLIN-0357",121,6746.7,8196.8,41.4,31.6,964.2,8161.7,1833.9,81.3,9418.1,2828.6,40.6,4527.2,0,26063.1,15.8,1299
"363(1,P3)","CLIN-0266",1350,53.4,16.4,486.1,88.5,101.3,7738.9,883.2,15,9.7,50.6,111.1,1832.2,13.1,19139.2,17.6,1164
"364(1,P4)","CLIN-0358",60.1,58.9,1843.8,101,3461.6,45.3,61.5,914.7,111.4,180.6,86,17.3,4455.6,0,18216.1,31.4,959
"365(1,P5)","CLIN-0267",24.5,14.4,77.8,0,3129.9,34.6,37.7,4936.9,25.1,79.9,8.1,1377.6,1772.1,0,22779,51.2,1378
"366(1,P6)","CLIN-0359",2289.4,27,4947.3,63.1,5.1,54.2,28.6,6516.7,2.7,25.1,2194.4,64,4767.4,0,24205.6,0,1324
"367(1,P7)","CLIN-0268",71.5,29,2256.6,35681.9,1735.6,72.2,1380,3636.8,28.9,6665.4,67.5,2164,2743,0.5,19419.1,36.5,1305
"368(1,P8)","CLIN-0360",57.3,57.9,38.2,113,5086.5,13128.9,542.5,2978.7,91.5,137.3,4220.9,8883.6,4181.3,0,19488.5,94.5,817
"369(1,P9)","CLIN-0269",0,2760.9,73.2,155.2,54,5.8,73.7,36.2,75.7,6,65.9,3708.8,2519.5,44.8,22397.9,40.9,1497
"370(1,P10)","CLIN-0361",4515.9,46.9,96.1,775.4,3661.7,89,17.3,31.8,56.9,28.7,8060.7,4219.2,4116.1,0,17336.6,36.4,805
"371(1,P11)","CLIN-0270",108,8297.1,40,99.6,1632.9,8.4,108,38,68.3,164.2,120.8,104.6,7499.3,50.3,22549.2,9,1238
"372(1,P12)","CLIN-0362",54.3,19.9,2446.7,54.3,17068.1,7871.5,137.8,4403.1,48.1,93.4,10.4,78.6,3166.4,72.4,20696.9,42.6,919
"373(1,P13)","CLIN-0271",3228.3,776.9,13857.8,140.9,16.2,4376.7,1140.4,4577.5,23.4,23073.1,2298.1,74.3,8118.6,3,30728.6,30.4,1461
"374(1,P14)","CLIN-0363",39.6,11224.1,8008.8,1561.9,5590.3,4770.3,17004.3,59,1833.6,23,30.3,16.6,2974.7,3.5,19786.3,15.8,954
"375(1,P15)","CLIN-0272",7532.7,11.6,7260.5,45.9,79.5,53.4,26.8,43.1,0,31.7,86.1,1635.5,5410.1,3.8,24282.5,98.1,828
"376(1,P16)","CLIN-0364",1585.2,71.1,7932.4,1657.9,2824.3,4849.4,78.3,492.2,12010.2,23.4,53.8,4426.5,7723.7,27.2,22355.1,28.4,1425
"377(1,P17)","CLIN-0273",87.2,28.7,42805.2,0,52.3,36,7469.8,10007.9,6089,45.6,4,1015.9,7074.9,0,22150.3,47.7,907
"378(1,P18)","CLIN-0365",9083.9,23.9,53,294.3,35.3,6.5,1261.8,4821.7,2668.5,15.6,7.8,157.2,4995.4,25.5,22524.8,0,901
"379(1,P19)","CLIN-0274",0,7806.1,31.6,47.7,36.5,5451.7,7,36.6,1.1,1781.2,21.9,98.8,1481.8,0,22218.3,0,1123
"380(1,P20)","CLIN-0366",1275,1095.9,2307.3,81.8,154,57.8,1540.8,2874.7,91.2,127.1,3196.4,34,2857.8,12.6,24431.6,0,1193
"381(1,P21)","CLIN-0275",8481.6,45.9,110.5,5193.5,14870.5,59.5,21.6,3177.7,26.7,101.5,38.4,53.1,6587.4,10.2,28113.7,17.4,1404
"382(1,P22)","CLIN-0367",122.7,200,52.4,2427.2,33.8,1360,28812.3,89.9,3187.4,2739.1,2158.7,4828.2,2057.7,10.3,22670.5,19.2,1231
"383(1,P23)","CLIN-0276",94.1,1964.5,31.7,15382.1,1833.9,5788.9,2147.5,44.4,75.5,51,1568.6,2307.2,3146.6,42.1,19262,61.9,1214
"384(1,P24)","CLIN-0368",5331.8,8610,28.2,3418.4,69.3,91.9,132.1,1208.5,1.2,7929.9,27.1,63.4,821.5,0,16915.6,58.9,1142
""
"DataType:","Count"
"Location","Sample","Analyte.12","Analyte.18","Analyte.25","Analyte.33","Analyte.42","Analyte.45","Analyte.51","Analyte.56","Analyte.62","Analyte.70","Analyte.77","Analyte.85","Analyte.20","Analyte.90","Analyte.95","Analyte.100","Total Events"
"1(1,A1)","BLANK_P1_1",54,65,80,92,96,84,80,96,106,99,92,77,105,90,104,74,1179
"2(1,A2)","BLANK_P2_97",85,112,64,74,91,106,83,97,92,74,84,82,90,74,121,106,1578
"3(1,A3)","BLANK_P1_2",73,85,93,84,81,62,85,83,90,89,103,118,89,83,120,65,1342
"4(1,A4)","BLANK_P2_98",85,94,111,92,91,96,88,88,58,123,85,80,109,102,119,102,1494
"5(1,A5)","CLIN-0001",65,100,99,109,103,94,89,76,104,87,129,131,106,50,75,72,896
"6(1,A6)","CLIN-0093",92,76,115,123,71,88,99,73,83,116,50,73,89,102,77,106,1280
"7(1,A7)","CLIN-0002",122,115,75,100,72,67,75,107,95,66,120,96,110,65,110,83,866
"8(1,A8)","CLIN-0094",71,73,85,116,89,79,89,79,132,106,84,86,83,108,92,92,1085
"9(1,A9)","CLIN-0003",107,66,74,117,59,104,79,95,78,106,103,53,84,104,105,104,1186
"10(1,A10)","CLIN-0095",83,96,109,95,128,114,94,91,76,50,84,50,78,87,107,96,956
"11(1,A11)","CLIN-0004",96,86,79,85,108,86,89,100,60,92,113,77,77,76,81,89,1303
"12(1,A12)","CLIN-0096",80,130,85,117,80,81,103,81,84,54,68,121,68,67,81,89,1141
"13(1,A13)","CLIN-0005",89,110,84,98,104,83,83,69,71,92,86,50,68,67,66,62,859
"14(1,A14)","CLIN-0097",59,89,68,88,71,95,108,108,96,58,96,84,88,130,78,51,1328
"15(1,A15)","CLIN-0006",50,54,61,80,72,112,106,89,92,110,66,80,84,74,97,86,1465
"16(1,A16)","CLIN-0098",105,107,85,91,73,60,64,111,86,107,74,101,75,103,51,95,810
"17(1,A17)","CLIN-0007",143,108,85,75,93,57,70,70,111,96,113,106,129,81,89,100,1035
"18(1,A18)","CLIN-0099",90,131,104,65,114,103,88,101,121,79,99,80,78,100,94,83,1270
"19(1,A19)","CLIN-0008",73,106,104,88,72,88,101,89,56,89,87,77,102,98,57,98,970
"20(1,A20)","CLIN-0100",65,78,109,129,100,95,140,68,91,89,104,81,106,91,113,80,1361
"21(1,A21)","CLIN-0009",97,65,58,78,90,135,59,96,147,93,88,90,87,77,75,126,1030
"22(1,A22)","CLIN-0101",77,101,106,88,98,80,106,75,135,56,109,59,50,106,87,104,1530
"23(1,A23)","CLIN-0010",99,104,84,59,103,82,89,84,129,92,108,102,93,83,72,80,1308
"24(1,A24)","CLIN-0102",72,74,85,104,60,119,97,108,103,122,101,93,83,69,141,83,1006
"25(1,B1)","BLANK_P3_193",45,37,40,38,44,48,46,42,47,49,46,41,46,46,40,44,1191
"26(1,B2)","BLANK_P4_289",79,112,143,64,57,92,131,106,79,103,87,50,98,115,105,96,1406
"27(1,B3)","BLANK_P3_194",50,85,69,80,81,87,105,60,103,117,103,104,100,51,114,79,1535
"28(1,B4)","BLANK_P4_290",81,65,55,96,83,60,52,118,106,106,90,84,84,96,92,113,929
"29(1,B5)","CLIN-0185",126,72,87,64,107,50,80,68,119,92,58,96,92,110,89,76,1250
"30(1,B6)","CLIN-0277",111,77,63,100,63,59,61,115,100,119,94,88,110,104,74,90,1345
"31(1,B7)","CLIN-0186",65,111,92,64,125,86,94,98,91,75,147,98,103,81,78,79,1240
"32(1,B8)","CLIN-0278",93,103,92,69,93,108,93,109,83,90,82,129,96,58,126,80,1269
"33(1,B9)","CLIN-0187",44,41,45,46,48,44,48,45,43,42,46,47,42,37,37,48,1435
"34(1,B10)","CLIN-0279",95,73,98,64,96,118,110,123,79,121,102,106,93,57,133,103,1168
"35(1,B11)","CLIN-0188",38,40,44,40,48,46,41,43,37,44,38,37,48,46,40,42,1506
"36(1,B12)","CLIN-0280",57,88,93,77,119,115,111,84,71,67,73,83,95,87,104,110,1258
"37(1,B13)","CLIN-0189",87,97,54,73,79,101,70,109,125,91,98,63,113,50,78,126,917
"38(1,B14)","CLIN-0281",115,81,96,63,83,89,56,118,73,50,90,89,85,77,92,96,1078
"39(1,B15)","CLIN-0190",92,74,108,100,90,118,78,50,94,111,111,137,88,74,85,64,1530
"40(1,B16)","CLIN-0282",108,75,75,82,88,87,111,106,88,91,97,92,98,78,70,84,1002
"41(1,B17)","CLIN-0191",76,76,110,54,86,102,112,65,79,106,60,75,90,85,85,79,1173
"42(1,B18)","CLIN-0283",95,91,82,75,89,91,80,57,89,68,88,78,119,116,92,79,1281
"43(1,B19)","CLIN-0192",72,96,86,104,106,66,96,68,100,80,114,104,75,71,127,119,1368
"44(1,B20)","CLIN-0284",101,89,98,112,57,92,104,95,103,83,90,115,106,71,82,98,1187
"45(1,B21)","CLIN-0193",120,101,111,93,59,121,90,80,55,90,103,94,78,80,99,62,1476
"46(1,B22)","CLIN-0285",102,76,100,106,97,89,107,74,79,91,68,116,79,65,87,93,1521
"47(1,B23)","CLIN-0194",27,24,31,24,5,9,30,26,5,31,16,21,23,8,29,25,1521
"48(1,B24)","CLIN-0286",108,71,76,69,96,126,109,50,80,70,79,88,77,106,87,117,1420
"49(1,C1)","POOL_P1_13",132,102,73,97,67,99,95,98,75,107,131,95,107,93,82,100,1551
"50(1,C2)","POOL_P2_109",78,87,92,119,72,112,76,66,86,97,79,70,64,66,81,105,1449
"51(1,C3)","POOL_P1_14",135,102,72,94,112,79,70,109,108,102,101,50,98,83,67,126,1538
"52(1,C4)","POOL_P2_110",85,81,98,106,104,94,78,100,63,98,101,87,71,98,74,92,860
"53(1,C5)","CLIN-0011",80,85,79,91,115,79,84,64,81,78,86,89,121,100,63,72,1141
"54(1,C6)","CLIN-0103",114,71,109,109,114,104,67,72,57,88,110,114,72,73,97,78,1097
"55(1,C7)","CLIN-0012",100,65,112,93,77,107,94,85,96,98,104,95,88,89,98,120,1339
"56(1,C8)","CLIN-0104",111,120,80,101,100,93,76,91,93,100,83,108,69,116,114,76,1535
"57(1,C9)","CLIN-0013",92,100,66,81,67,92,97,122,115,100,65,50,94,57,113,110,1501
"58(1,C10)","CLIN-0105",92,69,81,61,102,70,101,107,89,85,75,101,77,100,80,98,1158
"59(1,C11)","CLIN-0014",86,129,81,84,85,75,91,58,92,115,102,96,73,97,97,69,817
"60(1,C12)","CLIN-0106",81,93,50,97,88,72,102,77,95,60,84,94,103,62,111,99,1270
"61(1,C13)","CLIN-0015",75,74,82,78,50,105,80,61,91,51,138,96,86,106,78,88,1418
"62(1,C14)","CLIN-0107",42,47,38,40,38,43,37,46,42,39,39,43,45,45,45,41,1532
"63(1,C15)","CLIN-0016",107,77,111,61,103,140,95,112,95,106,88,85,60,90,91,93,1050
"64(1,C16)","CLIN-0108",57,84,77,104,98,72,88,84,115,101,110,61,94,106,105,109,1334
"65(1,C17)","CLIN-0017",84,79,92,79,64,82,80,110,104,125,93,90,107,95,94,72,1446
"66(1,C18)","CLIN-0109",77,85,78,79,96,92,102,85,74,82,102,76,50,106,76,112,1293
"67(1,C19)","CLIN-0018",66,80,55,78,80,104,66,75,88,68,98,95,115,73,86,79,863
"68(1,C20)","CLIN-0110",56,89,75,64,64,98,73,133,92,102,141,105,89,90,69,111,1243
"69(1,C21)","CLIN-0019",118,56,97,95,101,59,76,65,98,69,107,98,96,86,107,90,860
"70(1,C22)","CLIN-0111",84,72,92,71,111,83,74,96,90,78,88,82,77,143,117,83,985
"71(1,C23)","CLIN-0020",19,33,15,16,23,24,7,28,11,16,26,10,29,6,29,25,1500
"72(1,C24)","CLIN-0112",89,114,109,78,63,114,89,74,93,87,118,121,127,72,88,139,1537
"73(1,D1)","POOL_P3_205",76,97,75,110,91,86,74,95,96,113,97,108,83,78,134,74,1104
"74(1,D2)","POOL_P4_301",80,68,71,94,68,52,86,65,93,121,70,90,70,61,111,98,1264
"75(1,D3)","POOL_P3_206",88,123,82,106,72,103,111,91,79,118,92,95,87,75,94,89,1141
"76(1,D4)","POOL_P4_302",69,81,75,78,91,58,86,99,72,84,101,100,92,101,112,89,803
"77(1,D5)","CLIN-0195",103,93,96,107,104,114,112,90,86,127,60,96,91,92,80,95,1178
"78(1,D6)","CLIN-0287",82,115,90,69,113,93,82,58,130,75,83,83,82,105,70,68,1234
"79(1,D7)","CLIN-0196",25,17,28,8,7,6,24,17,20,14,9,30,19,11,14,24,859
"80(1,D8)","CLIN-0288",112,96,97,92,109,80,82,115,101,141,78,65,127,94,89,133,1445
"81(1,D9)","CLIN-0197",107,118,110,129,108,94,67,50,111,114,97,102,71,63,81,121,1212
"82(1,D10)","CLIN-0289",80,89,91,103,100,76,72,85,63,77,70,94,89,63,90,85,1475
"83(1,D11)","CLIN-0198",101,69,90,94,104,93,90,75,87,103,86,102,105,81,108,108,1233
"84(1,D12)","CLIN-0290",101,113,75,77,87,100,84,83,103,116,79,84,92,125,96,76,1451
"85(1,D13)","CLIN-0199",68,79,114,94,88,74,114,117,97,50,81,65,92,100,78,103,947
"86(1,D14)","CLIN-0291",95,77,93,96,66,50,99,84,94,103,98,56,83,72,86,92,1182
"87(1,D15)","CLIN-0200",153,50,63,69,80,111,122,54,83,98,85,86,106,99,95,77,1111
"88(1,D16)","CLIN-0292",132,89,88,72,69,69,90,95,82,121,50,61,68,118,107,71,979
"89(1,D17)","CLIN-0201",51,87,72,97,115,74,69,96,83,108,85,64,84,75,72,124,936
"90(1,D18)","CLIN-0293",77,77,82,89,143,114,84,114,105,80,56,87,79,88,106,144,1360
"91(1,D19)","CLIN-0202",91,84,88,72,67,94,97,126,132,60,73,60,85,103,88,100,1054
"92(1,D20)","CLIN-0294",72,90,103,64,84,96,98,91,62,97,96,105,110,103,50,94,1556
"93(1,D21)","CLIN-0203",96,51,79,148,114,120,97,84,115,82,104,94,101,94,68,50,1424
"94(1,D22)","CLIN-0295",37,46,37,43,49,37,42,45,40,38,40,44,43,42,36,48,1535
"95(1,D23)","CLIN-0204",93,114,75,55,79,79,98,91,123,100,121,100,82,84,78,109,1300
"96(1,D24)","CLIN-0296",71,85,91,89,113,83,114,92,50,72,94,72,81,118,109,103,1553
"97(1,E1)","CLIN-0021",98,99,100,93,102,56,50,116,87,118,119,97,96,94,70,83,1177
"98(1,E2)","CLIN-0113",58,100,91,115,109,64,70,113,85,110,78,99,102,97,73,121,1073
"99(1,E3)","CLIN-0022",110,61,98,110,89,71,77,52,74,111,83,73,113,103,88,97,898
"100(1,E4)","CLIN-0114",103,84,115,130,82,92,106,113,132,94,84,81,82,122,67,92,885
"101(1,E5)","CLIN-0023",50,99,104,87,65,83,97,117,92,75,95,68,97,77,82,130,966
"102(1,E6)","CLIN-0115",91,78,88,50,77,140,67,91,119,99,100,90,96,113,66,132,1182
"103(1,E7)","CLIN-0024",98,101,70,122,120,111,62,122,73,113,85,112,111,78,72,104,854
"104(1,E8)","CLIN-0116",105,91,119,93,81,63,101,58,97,115,78,143,66,50,81,110,1482
"105(1,E9)","CLIN-0025",51,124,79,98,63,90,81,70,75,75,120,120,84,96,82,95,1255
"106(1,E10)","CLIN-0117",103,98,62,69,67,80,108,108,68,77,88,91,106,80,126,100,1312
"107(1,E11)","CLIN-0026",40,44,46,43,43,39,47,38,41,38,46,41,45,45,47,48,1305
"108(1,E12)","CLIN-0118",53,50,66,63,99,63,106,90,101,95,56,100,87,107,82,116,1086
"109(1,E13)","CLIN-0027",93,98,90,94,92,93,107,124,98,72,93,95,98,104,133,116,1193
"110(1,E14)","CLIN-0119",91,50,108,66,80,76,90,67,65,73,62,70,81,52,87,83,967
"111(1,E15)","CLIN-0028",93,104,63,113,118,69,81,111,118,88,54,78,80,50,50,73,834
"112(1,E16)","CLIN-0120",62,112,102,121,98,74,105,90,97,57,115,73,50,93,121,114,972
"113(1,E17)","CLIN-0029",87,91,86,80,96,87,132,84,81,121,121,103,94,137,134,96,875
"114(1,E18)","CLIN-0121",63,54,124,63,58,118,90,71,76,98,106,53,97,98,70,100,1123
"115(1,E19)","CLIN-0030",122,101,93,108,75,77,90,107,100,92,96,86,120,110,72,93,1442
"116(1,E20)","CLIN-0122",88,116,62,100,113,74,110,71,101,83,107,93,90,74,133,111,926
"117(1,E21)","CLIN-0031",62,82,79,78,99,123,92,118,67,119,87,114,92,91,63,71,1455
"118(1,E22)","CLIN-0123",101,60,73,87,52,104,86,73,96,123,50,80,74,85,94,106,1118
"119(1,E23)","CLIN-0032",125,79,108,75,95,75,76,63,84,131,101,68,80,103,121,106,1422
"120(1,E24)","CLIN-0124",95,78,71,124,83,103,80,129,111,104,104,66,86,89,113,94,1324
"121(1,F1)","CLIN-0205",76,86,77,74,93,69,91,86,106,93,118,95,75,76,71,56,1087
"122(1,F2)","CLIN-0297",77,96,110,66,109,87,131,75,66,95,83,143,106,115,122,116,1235
"123(1,F3)","CLIN-0206",48,38,40,43,45,39,41,46,47,43,38,39,44,46,44,40,1073
"124(1,F4)","CLIN-0298",104,135,131,99,89,75,109,61,84,122,101,102,82,88,94,90,1293
"125(1,F5)","CLIN-0207",83,107,125,123,114,96,75,79,92,82,114,63,119,80,66,90,1191
"126(1,F6)","CLIN-0299",90,124,85,72,84,108,74,95,95,74,82,103,116,67,50,99,1479
"127(1,F7)","CLIN-0208",99,145,96,114,77,88,112,111,84,92,81,86,71,84,125,74,1599
"128(1,F8)","CLIN-0300",132,73,92,50,131,62,93,77,106,82,109,103,88,110,81,74,1539
"129(1,F9)","CLIN-0209",104,65,77,90,75,89,119,77,85,90,104,127,78,69,113,95,1249
"130(1,F10)","CLIN-0301",50,78,121,95,126,82,50,57,104,83,95,82,65,100,103,93,1219
"131(1,F11)","CLIN-0210",114,64,112,77,79,74,79,99,58,91,77,73,79,110,95,93,1095
"132(1,F12)","CLIN-0302",71,88,94,57,68,118,104,135,122,102,96,123,65,71,64,88,1244
"133(1,F13)","CLIN-0211",121,82,86,87,81,99,70,81,86,72,66,102,82,69,112,65,1140
"134(1,F14)","CLIN-0303",74,103,117,71,91,125,124,79,100,66,88,114,122,81,108,118,1558
"135(1,F15)","CLIN-0212",105,82,76,85,105,101,90,84,78,107,90,59,108,101,78,71,936
"136(1,F16)","CLIN-0304",107,74,81,104,109,89,121,120,91,110,92,71,123,83,108,97,988
"137(1,F17)","CLIN-0213",94,106,81,77,111,99,97,84,106,82,125,104,87,69,115,75,1040
"138(1,F18)","CLIN-0305",134,69,74,113,79,136,67,73,112,108,59,76,111,88,64,126,1099
"139(1,F19)","CLIN-0214",86,54,101,90,53,81,67,94,94,74,89,87,96,114,74,84,1015
"140(1,F20)","CLIN-0306",70,96,82,88,106,86,107,99,76,93,62,89,111,90,78,65,1004
"141(1,F21)","CLIN-0215",118,142,110,105,79,76,109,81,99,114,98,95,102,91,124,62,1357
"142(1,F22)","CLIN-0307",50,77,100,88,122,69,92,81,80,89,116,100,81,89,65,94,990
"143(1,F23)","CLIN-0216",50,109,90,76,72,79,129,83,96,73,96,91,75,95,75,107,1403
"144(1,F24)","CLIN-0308",63,86,93,89,79,95,99,98,69,67,80,84,107,90,112,90,1491
"145(1,G1)","CLIN-0033",81,102,59,76,92,94,89,60,136,77,58,81,96,84,94,68,844
"146(1,G2)","CLIN-0125",88,120,84,97,79,98,58,117,87,96,86,96,66,80,113,97,1572
"147(1,G3)","CLIN-0034",92,103,67,130,110,65,107,118,50,78,51,91,78,148,91,133,823
"148(1,G4)","CLIN-0126",82,101,98,112,90,112,105,130,77,86,97,91,127,84,83,81,848
"149(1,G5)","CLIN-0035",70,88,79,91,73,60,93,50,81,114,91,91,92,87,75,96,1522
"150(1,G6)","CLIN-0127",111,99,83,83,117,79,82,82,94,104,94,77,98,90,62,87,847
"151(1,G7)","CLIN-0036",89,50,100,94,62,70,103,58,55,95,130,102,106,84,80,98,1109
"152(1,G8)","CLIN-0128",84,56,96,120,91,94,115,80,62,86,107,93,94,80,136,87,1058
"153(1,G9)","CLIN-0037",80,70,102,108,111,82,106,78,99,99,117,73,99,50,94,83,1191
"154(1,G10)","CLIN-0129",53,104,103,89,96,94,71,128,85,85,95,100,50,117,116,51,1568
"155(1,G11)","CLIN-0038",87,114,75,88,72,116,90,74,63,118,50,76,90,59,91,86,1526
"156(1,G12)","CLIN-0130",71,111,95,66,106,82,138,80,84,109,87,113,110,129,122,61,925
"157(1,G13)","CLIN-0039",91,77,55,96,126,98,109,85,102,65,106,77,91,63,72,74,1346
"158(1,G14)","CLIN-0131",72,94,97,147,81,105,125,85,56,105,125,125,134,116,138,93,1266
"159(1,G15)","CLIN-0040",93,99,59,81,98,129,113,59,103,109,91,94,105,70,86,77,1306
"160(1,G16)","CLIN-0132",121,50,79,125,62,72,71,101,99,89,92,108,51,105,118,82,1058
"161(1,G17)","CLIN-0041",50,89,68,87,57,74,66,107,116,50,77,92,67,60,71,82,909
"162(1,G18)","CLIN-0133",112,62,83,85,74,89,108,93,119,110,110,79,56,105,99,98,1363
"163(1,G19)","CLIN-0042",96,71,67,92,56,129,127,112,118,78,111,51,87,95,101,56,1544
"164(1,G20)","CLIN-0134",81,84,108,117,80,104,94,58,119,146,83,110,90,79,102,99,955
"165(1,G21)","CLIN-0043",80,50,50,91,94,64,95,91,87,137,78,81,77,104,54,107,1164
"166(1,G22)","CLIN-0135",89,50,81,77,101,90,68,65,65,79,88,83,65,91,91,132,1031
"167(1,G23)","CLIN-0044",46,39,38,36,44,41,39,41,48,40,45,39,46,42,41,44,892
"168(1,G24)","CLIN-0136",83,87,89,93,63,71,92,94,59,99,117,87,95,98,58,77,1363
"169(1,H1)","CLIN-0217",78,80,76,115,97,111,87,72,81,90,116,78,107,92,71,97,840
"170(1,H2)","CLIN-0309",117,81,102,91,96,106,78,98,68,68,95,69,85,94,137,63,809
"171(1,H3)","CLIN-0218",72,70,105,88,90,126,106,92,64,103,122,64,91,101,109,119,1140
"172(1,H4)","CLIN-0310",67,76,96,97,66,97,82,83,51,77,102,50,100,74,82,116,1079
"173(1,H5)","CLIN-0219",103,87,112,75,81,96,71,100,83,116,70,83,50,123,93,104,1338
"174(1,H6)","CLIN-0311",47,42,48,38,38,44,41,40,49,39,48,42,38,38,44,36,1273
"175(1,H7)","CLIN-0220",114,97,85,74,86,87,83,64,56,118,102,74,77,120,87,50,1351
"176(1,H8)","CLIN-0312",100,101,60,99,116,81,87,89,98,56,72,87,99,122,88,67,1231
"177(1,H9)","CLIN-0221",95,82,82,81,89,71,81,81,83,86,71,84,128,86,93,78,1520
"178(1,H10)","CLIN-0313",88,93,103,70,65,116,81,110,81,101,72,92,107,115,101,50,867
"179(1,H11)","CLIN-0222",97,110,51,89,84,61,101,76,100,79,84,88,92,115,92,83,1028
"180(1,H12)","CLIN-0314",93,115,96,102,93,82,107,50,83,90,119,96,91,84,101,101,800
"181(1,H13)","CLIN-0223",79,59,86,115,71,98,102,78,99,82,80,97,58,63,78,100,963
"182(1,H14)","CLIN-0315",102,107,93,89,83,94,88,109,108,131,84,83,115,92,56,112,1414
"183(1,H15)","CLIN-0224",124,101,95,73,101,81,90,78,86,68,99,117,108,116,125,85,919
"184(1,H16)","CLIN-0316",86,71,50,98,117,74,86,120,72,95,118,86,60,93,81,78,948
"185(1,H17)","CLIN-0225",73,108,124,129,82,113,59,90,103,103,53,122,88,62,104,112,1557
"186(1,H18)","CLIN-0317",63,95,60,81,50,84,115,124,118,118,100,82,109,98,90,112,1352
"187(1,H19)","CLIN-0226",58,73,128,75,133,94,133,122,92,76,124,88,105,113,80,101,1355
"188(1,H20)","CLIN-0318",64,95,75,102,98,113,54,88,117,61,76,115,88,97,83,78,1378
"189(1,H21)","CLIN-0227",77,85,78,92,50,93,111,117,90,75,88,50,113,97,122,75,1273
"190(1,H22)","CLIN-0319",87,50,108,101,50,50,78,97,58,85,116,63,102,61,99,130,864
"191(1,H23)","CLIN-0228",17,8,7,9,29,20,30,9,21,15,5,22,33,33,23,19,1496
"192(1,H24)","CLIN-0320",107,62,102,115,91,86,96,68,121,144,80,133,111,74,51,96,821
"193(1,I1)","CLIN-0045",128,118,97,100,91,98,72,97,116,80,82,90,135,94,80,107,1259
"194(1,I2)","CLIN-0137",91,110,57,94,100,79,83,98,111,64,65,90,65,119,86,51,1025
"195(1,I3)","CLIN-0046",88,79,59,86,94,50,78,106,99,86,99,62,83,69,99,86,1548
"196(1,I4)","CLIN-0138",116,91,102,97,95,123,90,71,90,80,110,59,93,90,111,74,1462
"197(1,I5)","CLIN-0047",79,99,110,63,83,117,93,126,124,84,62,96,102,65,123,79,1069
"198(1,I6)","CLIN-0139",68,128,80,85,91,90,62,78,79,115,71,98,56,81,121,105,1581
"199(1,I7)","CLIN-0048",62,92,137,105,89,89,100,108,66,117,84,121,108,79,102,80,1524
"200(1,I8)","CLIN-0140",82,86,60,109,89,84,50,100,118,64,98,56,88,64,78,133,876
"201(1,I9)","CLIN-0049",78,94,78,94,79,67,131,88,88,63,112,72,67,79,71,91,1181
"202(1,I10)","CLIN-0141",80,100,84,74,73,50,114,77,77,94,97,105,92,65,117,102,1198
"203(1,I11)","CLIN-0050",111,94,68,91,123,85,69,111,117,96,108,89,115,99,66,90,806
"204(1,I12)","CLIN-0142",90,118,99,132,105,120,100,92,109,91,115,55,113,90,78,84,1171
"205(1,I13)","CLIN-0051",61,58,107,77,78,134,76,89,101,112,96,70,111,84,98,129,837
"206(1,I14)","CLIN-0143",85,105,92,96,103,90,89,65,84,82,104,53,90,87,52,59,934
"207(1,I15)","CLIN-0052",114,108,68,106,83,113,61,114,93,87,73,113,120,93,81,70,832
"208(1,I16)","CLIN-0144",72,94,91,108,121,96,92,76,75,72,87,50,77,111,105,109,932
"209(1,I17)","CLIN-0053",19,18,9,16,22,15,16,33,22,16,16,16,6,9,10,17,1434
"210(1,I18)","CLIN-0145",107,76,100,91,110,61,74,85,122,80,122,84,67,85,114,82,1329
"211(1,I19)","CLIN-0054",109,81,78,120,140,59,82,92,95,73,90,51,98,113,91,117,1186
"212(1,I20)","CLIN-0146",115,95,78,72,73,92,88,106,117,116,88,95,84,78,105,87,1276
"213(1,I21)","CLIN-0055",81,89,86,76,128,97,97,72,50,117,104,95,72,103,81,103,1204
"214(1,I22)","CLIN-0147",99,70,111,86,72,97,105,68,101,73,77,71,72,76,107,83,1440
"215(1,I23)","CLIN-0056",132,95,77,103,84,105,80,82,68,115,106,88,108,157,85,80,1160
"216(1,I24)","CLIN-0148",92,98,113,63,136,68,50,103,68,82,105,101,93,67,101,87,1506
"217(1,J1)","CLIN-0229",59,108,106,118,91,110,96,68,90,120,132,73,96,64,101,112,1544
"218(1,J2)","CLIN-0321",37,47,44,48,45,47,46,45,45,46,48,46,38,42,38,42,841
"219(1,J3)","CLIN-0230",70,58,61,86,63,120,99,96,50,84,105,69,102,85,102,73,844
"220(1,J4)","CLIN-0322",98,99,93,55,128,52,94,81,121,66,87,115,111,82,84,64,1467
"221(1,J5)","CLIN-0231",89,111,107,98,86,71,94,59,130,76,87,73,123,117,124,77,1498
"222(1,J6)","CLIN-0323",67,90,95,72,102,120,60,85,111,54,104,72,73,102,130,66,1587
"223(1,J7)","CLIN-0232",54,62,50,86,96,93,70,100,91,99,106,72,127,80,102,103,1486
"224(1,J8)","CLIN-0324",76,92,98,84,57,99,101,82,65,78,55,85,151,88,59,102,1511
"225(1,J9)","CLIN-0233",116,117,91,85,76,99,83,98,76,94,61,69,61,81,110,76,1114
"226(1,J10)","CLIN-0325",96,92,131,68,88,109,77,88,87,101,76,94,81,87,134,84,1549
"227(1,J11)","CLIN-0234",112,123,105,93,99,91,82,78,59,89,115,133,110,104,80,109,868
"228(1,J12)","CLIN-0326",113,135,111,85,77,108,50,80,81,95,127,77,78,131,93,84,1516
"229(1,J13)","CLIN-0235",79,117,68,118,99,104,50,84,102,89,91,75,100,105,82,107,1088
"230(1,J14)","CLIN-0327",41,40,40,39,42,37,40,42,47,43,49,44,44,43,46,47,1046
"231(1,J15)","CLIN-0236",90,50,110,95,83,102,113,95,67,76,91,67,70,90,73,95,1524
"232(1,J16)","CLIN-0328",63,106,78,104,113,100,122,89,88,116,74,107,58,86,60,89,1198
"233(1,J17)","CLIN-0237",93,107,97,73,131,95,94,67,104,100,118,50,110,74,88,87,920
"234(1,J18)","CLIN-0329",135,76,93,56,86,122,108,86,76,90,99,101,62,115,123,102,1289
"235(1,J19)","CLIN-0238",108,52,90,84,107,113,65,101,74,82,103,93,85,64,73,106,1460
"236(1,J20)","CLIN-0330",108,59,77,79,102,112,55,86,91,94,106,104,93,52,81,84,986
"237(1,J21)","CLIN-0239",97,78,64,79,90,127,80,75,120,96,90,95,118,78,89,96,903
"238(1,J22)","CLIN-0331",75,122,79,93,114,92,92,113,57,117,84,80,69,127,128,74,1565
"239(1,J23)","CLIN-0240",81,105,67,100,81,94,50,97,71,84,71,110,89,111,97,97,1279
"240(1,J24)","CLIN-0332",93,97,87,88,90,81,72,96,81,83,89,78,122,54,109,91,1121
"241(1,K1)","CLIN-0057",92,102,87,58,100,82,65,86,86,91,86,100,84,98,64,113,1578
"242(1,K2)","CLIN-0149",79,118,99,52,66,94,82,107,124,115,149,89,65,118,105,103,1001
"243(1,K3)","CLIN-0058",105,77,121,120,87,116,68,81,105,81,100,50,122,79,103,78,988
"244(1,K4)","CLIN-0150",118,103,107,110,80,92,91,87,99,65,79,103,80,59,99,78,880
"245(1,K5)","CLIN-0059",93,62,94,123,67,97,89,98,97,85,123,77,95,96,102,93,1458
"246(1,K6)","CLIN-0151",72,98,108,85,83,105,96,66,85,60,78,56,93,61,56,109,936
"247(1,K7)","CLIN-0060",69,88,91,104,113,100,101,99,85,77,103,122,110,79,95,109,1320
"248(1,K8)","CLIN-0152",63,79,100,63,102,67,138,62,77,90,75,72,79,89,86,57,1542
"249(1,K9)","CLIN-0061",69,115,105,68,63,79,121,128,89,122,73,84,94,88,50,75,1436
"250(1,K10)","CLIN-0153",52,105,67,93,102,101,83,122,100,91,91,60,60,93,89,94,1295
"251(1,K11)","CLIN-0062",112,101,110,79,102,85,89,94,80,69,105,74,85,81,69,94,1191
"252(1,K12)","CLIN-0154",90,54,110,103,109,143,57,76,61,82,100,72,81,79,126,112,1296
"253(1,K13)","CLIN-0063",73,77,89,65,57,87,137,129,114,70,130,90,93,103,97,59,1274
"254(1,K14)","CLIN-0155",102,112,117,88,83,84,108,78,103,76,84,81,96,80,70,97,1059
"255(1,K15)","CLIN-0064",125,74,96,85,104,89,88,118,100,98,82,71,101,96,64,64,1047
"256(1,K16)","CLIN-0156",80,95,105,50,80,93,107,85,59,80,113,82,97,97,94,103,930
"257(1,K17)","CLIN-0065",92,85,120,90,62,134,91,111,102,111,64,71,117,67,72,64,1231
"258(1,K18)","CLIN-0157",57,65,109,86,59,68,63,81,102,78,97,109,114,82,109,111,1413
"259(1,K19)","CLIN-0066",50,62,121,82,96,84,120,99,86,90,110,89,113,81,126,112,822
"260(1,K20)","CLIN-0158",99,91,75,84,77,80,92,89,115,80,71,85,83,95,84,58,1336
"261(1,K21)","CLIN-0067",103,79,94,113,102,78,69,109,75,113,68,114,83,147,131,93,1269
"262(1,K22)","CLIN-0159",83,92,50,86,127,59,101,50,65,52,112,117,73,82,113,82,1456
"263(1,K23)","CLIN-0068",117,106,120,91,80,77,90,74,85,80,120,80,86,120,83,121,1545
"264(1,K24)","CLIN-0160",103,97,68,50,140,84,103,114,85,129,98,71,96,84,102,120,1092
"265(1,L1)","CLIN-0241",61,78,101,123,107,50,110,106,115,69,72,81,87,83,92,70,1117
"266(1,L2)","CLIN-0333",75,91,88,108,78,118,94,92,126,94,63,72,139,91,114,101,1437
"267(1,L3)","CLIN-0242",91,103,94,135,64,114,120,120,110,116,68,85,95,88,97,97,801
"268(1,L4)","CLIN-0334",112,125,72,102,81,67,62,87,95,90,70,99,58,84,86,99,1408
"269(1,L5)","CLIN-0243",40,36,41,37,46,43,42,38,41,38,36,45,39,41,46,40,1135
"270(1,L6)","CLIN-0335",101,61,73,128,56,109,105,95,68,79,82,50,70,109,92,88,1454
"271(1,L7)","CLIN-0244",99,99,123,98,136,91,65,88,75,73,89,117,108,59,87,94,1225
"272(1,L8)","CLIN-0336",70,97,66,95,104,120,70,74,93,110,92,97,70,94,90,106,1395
"273(1,L9)","CLIN-0245",90,83,106,98,80,94,73,99,72,120,101,106,69,86,90,91,1552
"274(1,L10)","CLIN-0337",128,103,86,105,90,52,67,50,104,64,76,121,121,109,99,105,1376
"275(1,L11)","CLIN-0246",103,91,123,75,88,102,111,104,82,120,121,120,129,62,50,114,1325
"276(1,L12)","CLIN-0338",106,81,112,66,82,81,123,98,101,89,54,111,81,94,133,113,1192
"277(1,L13)","CLIN-0247",104,74,94,91,62,76,106,97,92,91,62,69,107,101,106,116,1319
"278(1,L14)","CLIN-0339",99,114,105,76,78,101,116,106,115,94,126,87,97,97,85,72,1264
"279(1,L15)","CLIN-0248",83,77,97,120,85,92,80,86,86,115,102,96,67,109,87,83,1523
"280(1,L16)","CLIN-0340",67,90,86,68,90,57,96,53,103,52,95,99,89,60,88,67,822
"281(1,L17)","CLIN-0249",76,61,71,105,83,75,133,75,122,86,89,110,89,133,145,127,1068
"282(1,L18)","CLIN-0341",62,85,84,111,103,89,95,87,99,96,92,50,91,89,73,61,1125
"283(1,L19)","CLIN-0250",55,89,96,98,132,109,101,67,67,105,78,70,107,71,103,124,1344
"284(1,L20)","CLIN-0342",79,101,78,82,95,101,50,104,90,53,89,60,84,112,87,87,1505
"285(1,L21)","CLIN-0251",135,68,98,69,90,103,94,95,121,77,118,69,86,97,74,92,910
"286(1,L22)","CLIN-0343",102,109,86,113,60,100,87,82,114,89,75,104,112,137,107,82,1544
"287(1,L23)","CLIN-0252",106,91,98,51,80,79,78,80,107,104,92,93,86,71,70,50,971
"288(1,L24)","CLIN-0344",78,81,96,92,82,50,120,114,102,50,79,59,112,86,103,140,910
"289(1,M1)","CLIN-0069",110,64,87,77,97,67,88,97,93,109,96,107,92,80,100,101,1206
"290(1,M2)","CLIN-0161",95,93,51,63,109,50,103,97,124,75,65,82,112,99,102,60,1441
"291(1,M3)","CLIN-0070",100,59,106,84,111,105,114,83,86,90,110,94,91,84,110,95,1337
"292(1,M4)","CLIN-0162",105,67,98,92,95,69,103,94,97,88,118,86,125,70,122,79,1130
"293(1,M5)","CLIN-0071",96,81,112,82,109,83,114,81,126,59,80,102,84,85,50,84,1025
"294(1,M6)","CLIN-0163",68,62,82,97,97,64,111,109,141,99,100,117,77,57,132,73,968
"295(1,M7)","CLIN-0072",108,96,69,96,94,99,60,72,76,66,97,77,78,51,101,96,1477
"296(1,M8)","CLIN-0164",53,118,108,102,110,86,106,84,104,108,101,87,85,81,87,96,1104
"297(1,M9)","CLIN-0073",101,102,66,75,84,57,108,82,52,103,107,87,109,96,123,111,1162
"298(1,M10)","CLIN-0165",92,96,96,95,120,112,64,102,113,90,120,113,119,80,91,87,1104
"299(1,M11)","CLIN-0074",97,84,74,133,94,91,123,77,99,95,84,92,101,96,124,78,963
"300(1,M12)","CLIN-0166",74,89,87,120,86,72,105,91,122,93,102,83,119,117,61,104,921
"301(1,M13)","CLIN-0075",99,70,105,93,120,75,108,76,78,96,92,75,85,149,94,97,1059
"302(1,M14)","CLIN-0167",118,105,74,103,95,86,91,102,84,81,101,74,106,67,69,82,931
"303(1,M15)","CLIN-0076",59,60,50,73,91,100,100,109,81,109,94,96,117,89,121,86,1303
"304(1,M16)","CLIN-0168",71,96,94,83,101,92,123,127,101,134,65,104,87,99,99,76,1170
"305(1,M17)","CLIN-0077",113,119,71,111,93,73,108,103,76,124,93,96,126,70,50,96,1575
"306(1,M18)","CLIN-0169",67,140,104,89,94,107,85,68,131,68,64,79,73,93,123,55,1318
"307(1,M19)","CLIN-0078",126,115,72,103,117,82,131,109,69,52,114,81,81,61,98,74,849
"308(1,M20)","CLIN-0170",77,91,50,76,73,69,115,100,80,60,91,95,64,66,101,91,1054
"309(1,M21)","CLIN-0079",128,82,81,109,97,111,92,129,70,103,105,115,117,114,107,91,1368
"310(1,M22)","CLIN-0171",86,93,74,85,78,130,96,57,101,89,105,53,75,86,114,126,1004
"311(1,M23)","CLIN-0080",108,90,118,82,112,54,102,75,127,87,68,83,50,102,84,104,1015
"312(1,M24)","CLIN-0172",67,91,75,87,123,112,77,72,104,120,92,121,72,76,55,108,918
"313(1,N1)","CLIN-0253",91,63,131,87,82,78,74,114,73,62,96,69,112,110,121,84,868
"314(1,N2)","CLIN-0345",109,125,86,104,91,123,93,100,59,105,101,84,96,67,67,108,1331
"315(1,N3)","CLIN-0254",90,71,80,65,89,111,79,104,127,70,98,102,92,74,90,89,1589
"316(1,N4)","CLIN-0346",111,101,91,91,87,77,111,76,88,101,75,67,98,70,73,102,1288
"317(1,N5)","CLIN-0255",107,77,96,77,50,122,60,57,72,67,65,118,52,89,51,51,1520
"318(1,N6)","CLIN-0347",82,71,106,110,110,110,104,70,95,109,96,92,96,124,84,109,965
"319(1,N7)","CLIN-0256",112,78,111,84,88,96,80,111,79,71,77,96,98,79,89,90,1436
"320(1,N8)","CLIN-0348",79,87,112,69,83,107,103,84,72,107,61,110,110,86,63,104,1069
"321(1,N9)","CLIN-0257",70,96,98,97,82,99,114,146,81,124,74,75,99,86,125,79,1355
"322(1,N10)","CLIN-0349",95,61,80,95,92,96,75,59,91,83,109,70,96,99,99,111,1542
"323(1,N11)","CLIN-0258",7,22,25,21,15,24,14,16,7,19,29,10,9,20,20,30,1004
"324(1,N12)","CLIN-0350",77,131,85,68,101,69,92,88,108,76,92,81,70,77,67,64,1440
"325(1,N13)","CLIN-0259",101,76,116,92,101,68,59,95,75,83,93,86,66,84,94,68,1174
"326(1,N14)","CLIN-0351",87,99,106,71,73,106,84,79,113,86,127,83,102,111,95,114,1349
"327(1,N15)","CLIN-0260",24,6,22,9,8,28,27,18,33,26,32,19,11,23,10,13,1481
"328(1,N16)","CLIN-0352",93,106,63,101,50,103,108,111,106,71,98,84,92,110,102,90,801
"329(1,N17)","CLIN-0261",113,65,85,90,88,81,91,89,92,76,81,116,107,115,73,84,1597
"330(1,N18)","CLIN-0353",97,66,92,82,87,75,124,70,91,67,130,68,103,90,98,120,1139
"331(1,N19)","CLIN-0262",92,100,91,114,86,95,62,90,119,89,85,62,79,99,96,78,1258
"332(1,N20)","CLIN-0354",108,90,94,91,79,80,107,102,95,82,95,77,98,101,80,55,976
"333(1,N21)","CLIN-0263",107,109,84,84,120,69,122,108,83,104,105,70,88,78,82,103,1509
"334(1,N22)","CLIN-0355",77,105,105,85,116,106,74,100,75,102,81,84,138,67,121,89,1226
"335(1,N23)","CLIN-0264",82,97,105,82,107,96,83,110,92,63,50,83,79,91,104,95,881
"336(1,N24)","CLIN-0356",91,76,101,105,104,107,133,99,84,70,83,101,76,83,84,100,1277
"337(1,O1)","CLIN-0081",88,71,78,86,98,92,96,100,93,77,86,97,106,90,99,89,1144
"338(1,O2)","CLIN-0173",89,80,113,59,138,89,50,128,103,72,122,88,121,90,70,135,890
"339(1,O3)","CLIN-0082",69,98,106,90,116,84,56,84,101,88,102,83,104,81,110,83,1181
"340(1,O4)","CLIN-0174",102,96,88,60,90,82,82,94,84,67,67,80,73,96,67,94,1139
"341(1,O5)","CLIN-0083",87,137,105,87,104,107,122,97,71,108,96,102,93,82,72,69,1172
"342(1,O6)","CLIN-0175",13,30,22,12,20,9,21,11,15,7,12,19,24,17,25,17,1129
"343(1,O7)","CLIN-0084",56,84,132,99,98,98,94,105,80,111,102,60,98,84,90,71,1565
"344(1,O8)","CLIN-0176",73,74,103,80,91,137,108,85,59,84,84,118,118,99,108,80,1232
"345(1,O9)","CLIN-0085",80,54,110,111,54,80,109,117,95,73,66,115,94,108,92,95,1578
"346(1,O10)","CLIN-0177",76,88,128,93,64,50,94,116,90,80,91,89,75,106,68,74,1108
"347(1,O11)","CLIN-0086",119,67,78,86,87,107,85,131,85,112,73,84,148,74,57,120,1441
"348(1,O12)","CLIN-0178",85,127,76,116,57,96,75,99,112,85,55,113,91,102,102,64,1485
"349(1,O13)","CLIN-0087",87,90,99,57,137,92,84,116,51,77,76,93,93,74,110,69,1508
"350(1,O14)","CLIN-0179",68,80,92,50,74,109,56,85,92,52,98,75,90,84,76,105,817
"351(1,O15)","CLIN-0088",95,91,80,81,94,76,79,79,67,63,73,95,62,111,99,69,1089
"352(1,O16)","CLIN-0180",84,120,114,112,50,109,85,50,71,96,55,60,118,102,76,50,1376
"353(1,O17)","CLIN-0089",95,77,89,107,123,62,50,99,84,87,50,95,118,72,53,74,991
"354(1,O18)","CLIN-0181",36,43,38,45,45,41,48,48,44,41,37,49,42,46,40,36,940
"355(1,O19)","CLIN-0090",91,100,89,101,102,90,115,66,87,65,74,108,76,123,139,76,1178
"356(1,O20)","CLIN-0182",86,95,86,90,120,84,62,124,90,62,123,69,89,74,115,81,1198
"357(1,O21)","CLIN-0091",113,109,89,59,113,79,100,96,88,118,77,99,107,116,99,54,1598
"358(1,O22)","CLIN-0183",98,76,78,74,110,84,104,87,105,117,82,93,97,69,80,74,802
"359(1,O23)","CLIN-0092",63,112,100,98,50,81,130,85,82,140,107,109,118,112,105,94,975
"360(1,O24)","CLIN-0184",114,69,101,54,107,50,99,71,104,120,76,65,74,98,93,81,1245
"361(1,P1)","CLIN-0265",60,54,73,71,97,118,81,81,79,95,117,84,96,103,125,50,901
"362(1,P2)","CLIN-0357",79,102,110,93,78,50,94,111,77,101,58,133,117,103,79,78,947
"363(1,P3)","CLIN-0266",110,105,87,97,55,95,90,59,61,94,89,69,100,87,83,120,922
"364(1,P4)","CLIN-0358",89,98,118,64,93,121,75,50,91,72,98,67,86,60,92,63,1277
"365(1,P5)","CLIN-0267",40,44,37,48,39,41,43,40,38,40,47,43,49,38,48,49,884
"366(1,P6)","CLIN-0359",81,92,96,50,70,70,124,79,96,68,92,112,75,50,86,95,1016
"367(1,P7)","CLIN-0268",116,103,66,91,100,61,97,59,91,99,66,92,90,105,112,94,1312
"368(1,P8)","CLIN-0360",77,94,104,111,99,93,119,69,97,117,111,75,103,83,100,98,956
"369(1,P9)","CLIN-0269",106,132,99,107,98,70,99,81,101,88,128,74,75,87,122,51,1073
"370(1,P10)","CLIN-0361",39,40,40,43,38,41,45,41,48,48,40,48,38,43,40,48,1386
"371(1,P11)","CLIN-0270",84,104,138,121,110,88,56,64,95,107,102,79,103,84,74,102,1091
"372(1,P12)","CLIN-0362",89,85,89,70,54,117,113,114,95,79,74,77,77,50,82,110,1301
"373(1,P13)","CLIN-0271",59,118,90,133,82,105,86,99,121,66,103,77,78,89,67,94,1459
"374(1,P14)","CLIN-0363",15,11,22,21,16,20,15,21,21,17,31,32,5,26,20,26,1058
"375(1,P15)","CLIN-0272",76,71,84,77,129,101,85,77,119,94,99,68,112,54,73,50,1594
"376(1,P16)","CLIN-0364",102,93,95,79,108,78,97,98,60,101,88,79,113,64,97,77,964
"377(1,P17)","CLIN-0273",68,105,96,89,89,75,97,88,78,94,91,123,124,128,94,101,890
"378(1,P18)","CLIN-0365",103,83,101,95,87,147,81,59,77,134,107,80,113,97,92,99,1137
"379(1,P19)","CLIN-0274",26,7,16,5,10,11,27,5,8,27,22,22,18,16,6,29,986
"380(1,P20)","CLIN-0366",95,77,84,97,74,50,69,108,95,66,109,115,104,95,50,54,897
"381(1,P21)","CLIN-0275",93,80,118,119,73,65,79,102,109,56,108,100,75,86,92,120,1379
"382(1,P22)","CLIN-0367",112,95,96,121,90,78,90,91,92,75,78,76,75,83,123,50,843
"383(1,P23)","CLIN-0276",113,91,99,129,95,68,92,105,89,96,104,79,116,91,68,95,1197
"384(1,P24)","CLIN-0368",127,86,96,123,113,61,84,81,64,103,87,74,110,98,73,108,1577
""
"DataType:","Mean"
"Location","Sample","Analyte.12","Analyte.18","Analyte.25","Analyte.33","Analyte.42","Analyte.45","Analyte.51","Analyte.56","Analyte.62","Analyte.70","Analyte.77","Analyte.85","Analyte.20","Analyte.90","Analyte.95","Analyte.100","Total Events"
"1(1,A1)","BLANK_P1_1",62.1,63.8,44.4,50.1,54.4,38.9,29.4,29.8,38.9,39.9,64.3,50.2,47,19,106.4,59.8,1015
"2(1,A2)","BLANK_P2_97",43.3,53.7,55.1,50.7,41.1,48.5,30.9,59.2,19.7,37.8,58.7,57.9,88.2,23.5,118.4,39.3,1148
"3(1,A3)","BLANK_P1_2",66.9,137.6,80.1,32.5,49.6,42.4,27.3,70,58.1,53.4,46.8,39.5,26.2,53.7,78.7,69.6,1112
"4(1,A4)","BLANK_P2_98",18.4,68.5,28.6,53.2,69.8,38,21.7,66.2,51.4,36.4,46.7,35.9,42.4,37.1,171.5,90.9,1487
"5(1,A5)","CLIN-0001",3051.6,3057.4,95.6,8322.5,4001.3,68.4,10495.1,99.4,36,129.6,80.8,1957.9,4700.2,66.1,19297.6,53.1,957
"6(1,A6)","CLIN-0093",1910.4,142.5,122,2316.1,39.4,3953.5,147.2,94.5,5098.6,2482.9,8368.8,174.2,3694.3,43.1,24789,162.7,1590
"7(1,A7)","CLIN-0002",234,3121.2,67.4,69.2,6291.7,5919.1,69.6,11398.7,74.7,2775.3,4400.1,6385.8,2888,34.4,21967.8,39.4,1298
"8(1,A8)","CLIN-0094",13050.4,1450.4,8302.8,60,4501.5,87,2341.5,115.2,4018.9,909.5,4832.4,30942.6,4137.1,33.9,26947.3,83.9,911
"9(1,A9)","CLIN-0003",56.2,75.2,3481.5,72.6,3005.3,679.2,55.3,5070.6,5368.9,517.2,3759.8,158.1,5094.4,48.3,23544.7,33.9,1581
"10(1,A10)","CLIN-0095",42.1,58.4,1124,53209,32.6,65.4,7467.1,118.9,120.8,37.2,51.7,64.7,4401.4,34.3,28164.3,68.2,1103
"11(1,A11)","CLIN-0004",10704.6,9496.7,3014.3,4836,3393,39.3,5865.1,1360.5,11663.7,2762.2,173.4,4939.4,4947.5,51.2,17881.8,49.8,1406
"12(1,A12)","CLIN-0096",1654.6,121.8,56,6837.9,98.6,239.1,38.1,22404.8,126.6,58.2,7083.9,1263.1,3670.3,45.2,25000.6,65.6,911
"13(1,A13)","CLIN-0005",32.9,3195,72.1,99.1,1232.8,4447,89.7,74.6,89.2,75.9,105.5,45.3,4779.8,28.9,30048.4,53.2,1553
"14(1,A14)","CLIN-0097",102.6,18968.4,130.9,3126.4,101.4,7607.6,12320.7,69.6,54.8,3381.7,3199.7,95.6,4705.8,50.6,23261.3,79.3,1502
"15(1,A15)","CLIN-0006",2797.8,4061.9,59.2,5416,77.9,104.6,5891,6638.3,80.6,31.8,1525.3,79.1,5054,43.3,27747,58.7,921
"16(1,A16)","CLIN-0098",51.6,9227.5,6651.7,152,133.6,2584.5,16704.2,2946.7,11960,11303.7,73.1,50.4,1765.8,48.6,23100.2,59.6,1498
"17(1,A17)","CLIN-0007",1737.7,73.4,5530,99.7,3554.7,1870.2,65.1,83.3,78.2,4680.2,169,121,12418.3,43.2,20421,49.4,1061
"18(1,A18)","CLIN-0099",4543.8,5063.6,132.9,71.1,2749.9,151.2,99.4,2191.3,195.5,2518.9,35.1,5466.8,3779,41.5,24768.2,57.3,1346
"19(1,A19)","CLIN-0008",18116.4,79.2,32.2,48.5,10811.2,140.9,53.9,1570.6,4098.9,10799.2,63.6,45.9,2316.2,47.8,22652.2,164.9,887
"20(1,A20)","CLIN-0100",5826.1,767.2,53.6,3954.6,2398.1,2349.4,100.1,61.8,837.5,77.8,5742.7,74,5647.2,27,21598.6,164.2,1104
"21(1,A21)","CLIN-0009",90,4355.7,1445.3,6111.1,6978.1,50,4754.4,44.3,88,155,46.9,14389.5,7669.6,96,15900.4,65.1,1263
"22(1,A22)","CLIN-0101",1458,55.7,84.2,4006,3763,97.5,85.1,3571.2,89,17251.8,6020.5,51.5,4322.9,22.2,20305.2,59.5,813
"23(1,A23)","CLIN-0010",1217.8,3365.7,8733.5,5902.9,52.6,12.7,22651.5,7406.3,94.9,2301.3,122.7,7227.9,17828.6,93.4,27735.4,32.7,1468
"24(1,A24)","CLIN-0102",66.7,23.4,130.1,48.7,10446.3,81.5,6821.4,4550.9,126.4,3385.3,9654.4,52.5,6626.7,45.7,22214.2,92.1,1396
"25(1,B1)","BLANK_P3_193",46.8,47.7,45.4,28.6,47.7,57.6,31.2,32.1,42.4,44.2,68.9,41.1,68.8,20.2,79.6,105.7,1515
"26(1,B2)","BLANK_P4_289",50.3,36.9,47,70.7,38,34.8,18.2,60.6,30.3,64.2,41.2,51,34.4,19.6,122,73.1,1068
"27(1,B3)","BLANK_P3_194",53.5,41.9,39.2,36.4,53,43.7,65.6,46.7,33,61,62,51,119.2,29.1,134.7,119.8,949
"28(1,B4)","BLANK_P4_290",58.1,74.7,40.5,33.4,62.9,73.6,53.7,91.2,17.9,85,57.6,68.3,61.3,51.6,162.8,81.1,1597
"29(1,B5)","CLIN-0185",91.3,3948,60.5,57.7,121.2,9211.7,4040.9,45.2,9285.2,4165.7,8337.6,73.6,3641.4,33.8,23445.5,100.9,1234
"30(1,B6)","CLIN-0277",3417,59.5,3759,3932.6,22318.9,977.6,1703.5,66.6,3500.8,127.4,43.3,10574.5,3766,34.4,22516.7,85.1,1598
"31(1,B7)","CLIN-0186",27.8,8357.4,216.5,2900.2,112.5,8613.8,165.8,49,51,11897.1,31.4,10250.2,1274.9,31.4,16419.8,144,1273
"32(1,B8)","CLIN-0278",69.4,6812,71.5,6805.7,4455.4,21988,7301.7,41.1,5244.6,3733.2,70.5,56.4,4572.5,24.4,19044,55.8,833
"33(1,B9)","CLIN-0187",1319.6,74.8,76.4,152.9,79.3,4258.1,49.9,2887.2,50.9,9092.9,2053,51.6,8879.7,18,30116.3,47.4,832
"34(1,B10)","CLIN-0279",111.5,100.4,61.5,5298.7,81.4,5032.6,47.1,2332.3,4809.9,2797.1,366.3,162,5495.8,20.3,26446.1,47.8,1435
"35(1,B11)","CLIN-0188",3714.8,1151.5,118.2,2136.6,47.8,85,120.2,29.8,6390.8,111.9,25695.6,81,12170.4,32.9,20524.7,62.7,928
"36(1,B12)","CLIN-0280",159.7,79.2,47.9,1326.3,96.7,74.8,94.9,142.1,77.9,81.3,70.4,59.5,2112,35.1,21294.9,49.5,1140
"37(1,B13)","CLIN-0189",2972.1,5214.5,144,3540,142.2,3025.9,2661.2,836.2,45.6,104.6,7082,2297.7,3251,23.8,24419.1,202.1,1519
"38(1,B14)","CLIN-0281",153.7,127.7,3547.6,80.5,95.4,2722.9,49,6700.6,15544,206,45.9,52.8,2958.5,37.4,13160.6,95.7,1407
"39(1,B15)","CLIN-0190",5186.1,5682,8027.9,105.8,177.6,95.6,3364.1,109.7,204.1,8567.3,114.6,56.1,2690.7,44.4,17938.9,68.6,921
"40(1,B16)","CLIN-0282",5574.4,80.9,1946,57.1,5629.3,247.8,142.1,1323.9,109.2,1703.6,46.1,26614.2,902.3,19.1,20654,66.4,1063
"41(1,B17)","CLIN-0191",102,113.4,114.2,59.7,226,11526.6,899.2,7574.5,64.9,56.3,2161.3,38.5,3762.8,54.9,20013.1,204.5,1355
"42(1,B18)","CLIN-0283",79,152.3,2541.7,2439.8,137.1,4188.3,67.3,9554.2,8183.9,44.4,8955.4,190.1,2023.9,36.4,22728.6,57.6,1484
"43(1,B19)","CLIN-0192",6059,53.1,171.2,4366.6,8230,40.3,60.1,12318.1,3221.9,194.9,211,12667.1,3015.6,44.4,25227.6,95.4,1202
"44(1,B20)","CLIN-0284",6411.6,77.6,258.5,129,4964.1,11538.6,71.2,3551.6,51.8,2092.9,2888,114.1,16754.4,51.5,28169.2,62.6,1559
"45(1,B21)","CLIN-0193",1922.9,3749.3,50.5,3430.2,144.2,1067,114.9,2941.2,7719.8,3378.9,5214.1,11762.8,3897.6,41.1,23394.7,48.7,1300
"46(1,B22)","CLIN-0285",2839.3,151.8,855.5,44.4,1737.5,4543.8,2126.1,6563.7,107.1,98.2,3161,115.5,3030.1,36.4,22554.1,61.2,1581
"47(1,B23)","CLIN-0194",3082.4,97.8,275,85.4,53.3,124.6,106.4,109.8,30,2014.1,21865.4,13609.8,4388.8,103.8,25263.5,60.2,1119
"48(1,B24)","CLIN-0286",151.4,5618.7,1981,7645.4,98.2,67.8,5773.7,3050.4,46.5,38.5,83.5,10508.6,1844.8,32.2,31238,70.2,1095
"49(1,C1)","POOL_P1_13",1456.7,3266,3289.5,2003.4,3799.5,2709.3,2691.9,4183.5,3025.1,2577.7,2039.8,2896.9,2722.2,34.9,21150.6,50.4,1322
"50(1,C2)","POOL_P2_109",2048.8,3500,3472.5,3314.3,3685.2,2226.9,2082.9,3202.6,2401.6,3182.5,2156.9,1788.6,4010.9,28.6,27227.3,114,883
"51(1,C3)","POOL_P1_14",2666.2,4244.2,3030.8,2068.5,2531.4,1911.1,3081.9,2728.7,3163.5,2172.9,2421,2496.2,6343,54.3,16546.1,25,847
"52(1,C4)","POOL_P2_110",2000.7,3283.8,1807.9,2824.1,3131,2667.6,2933.7,2260.3,3366.7,3523.9,3417.2,3485.8,7154.4,56.5,26114.4,108,1324
"53(1,C5)","CLIN-0011",66.4,27.4,9873.3,54.7,2350.1,2248.8,5862.6,1113.3,6068.4,137.1,134.9,1977.3,1559.1,28,19207.4,47.7,1566
"54(1,C6)","CLIN-0103",10510.4,89.8,9235.6,1320,43.2,7326.3,80.8,53.3,1657,81.9,4282.2,3229.5,10286.1,27.3,21180.2,121.2,1555
"55(1,C7)","CLIN-0012",5617.4,8350.9,93.6,89.9,5389.8,1940.8,2246.2,3411.2,31.7,125.8,2570.4,115.7,6143,24.5,23540.9,163.8,1068
"56(1,C8)","CLIN-0104",49.7,85.6,67.2,1056.9,34.5,9088.1,56.3,45.1,65.8,166.9,5792,6326,3073.8,45.5,28534.9,119.9,906
"57(1,C9)","CLIN-0013",68,2912.6,81.5,124.2,9552.1,3173.5,34.3,86.5,6709.2,4562.7,3266.1,174.3,2864.2,53.2,26673.1,59.5,1488
"58(1,C10)","CLIN-0105",29.9,19149.2,47.2,437.5,9955.8,68,2694.3,4507,8080.5,94.1,52.9,1483,2021.6,31.5,25935.4,65.2,1202
"59(1,C11)","CLIN-0014",86.6,56.2,4110.5,51.8,112.4,2139.7,290.6,64.3,69,119.9,40.2,3399.1,3997.9,23.9,29483.4,65.9,1027
"60(1,C12)","CLIN-0106",122.4,1250.1,73.5,103.6,67.4,95.2,46.1,40.6,35.8,54.5,82.3,50.3,2538.2,52.3,22006.5,39.4,1529
"61(1,C13)","CLIN-0015",28.4,122.2,89.8,3984.8,4284.8,127.9,113.6,52.9,3740.8,42.7,3999.3,32.4,2707.7,30.8,16981.4,28.1,1403
"62(1,C14)","CLIN-0107",11386.3,35.7,10187.2,80.9,89.9,2343.2,80.6,176.5,104.3,167.7,151.6,872.8,1432.5,27.7,25472.2,60.6,895
"63(1,C15)","CLIN-0016",149.9,61.7,193.9,166.6,70.6,9513.8,220.5,64.2,2965,44.1,56.7,88,1301.2,31,21673.7,128.6,1515
"64(1,C16)","CLIN-0108",110.2,3783.5,12609.6,3217.2,6206.8,127.8,4182.3,103,9681.5,52.2,108.5,1621.8,2384.1,25.1,20240.5,83.9,1541
"65(1,C17)","CLIN-0017",174.7,94.6,907.4,91.8,14878.5,4523.3,206,3267.5,3827.6,1604.5,85.2,31.2,2957.7,25,24077.5,78.1,1050
"66(1,C18)","CLIN-0109",3035.8,81.8,2465.4,1245.9,3507.2,10428.1,6347.4,35.7,148.1,6184.3,80.6,64.4,22547.6,77.4,26779.4,87.7,1353
"67(1,C19)","CLIN-0018",1412.6,20830.1,96.3,7015.7,70.5,17.9,103.4,3461.8,84.6,113,6298.6,56.3,5068.5,32.1,18063.9,62.2,1079
"68(1,C20)","CLIN-0110",143.8,2730.1,47.7,173.9,63.4,51.8,120.6,2701,4661.6,842.6,738.7,6013.1,1396.8,28.6,19794.1,41.4,1311
"69(1,C21)","CLIN-0019",95.7,96.9,19731.7,8750.7,53.2,97,53,72.4,102.3,242.1,183.8,2850.1,3257.4,37,20527,102.9,1055
"70(1,C22)","CLIN-0111",78.7,155.6,6246.3,2446.9,4920.2,55.2,70.9,3407,118,99.5,46.4,91.2,8201.1,44.2,21137.5,44.2,1510
"71(1,C23)","CLIN-0020",85,171.6,3467.8,35.6,73.8,9928.4,2162.7,96.1,78.9,102,3551.3,3016.6,9867.6,51.4,16796.2,120,1347
"72(1,C24)","CLIN-0112",113.5,127.9,139.3,4107.4,2505.3,122,57.9,150.5,2557.3,9693.2,13046.8,115.9,6702.1,30.3,23295.6,56.6,883
"73(1,D1)","POOL_P3_205",2751,3344.2,3110.6,1717.2,2717.5,3351.3,1684.4,2488.3,2725.2,2683.8,2866.4,2884.6,2227.4,21.9,27490.2,78.3,1151
"74(1,D2)","POOL_P4_301",1608.1,2831.8,2044.1,2287.8,2504.8,3905.3,3144.1,2319.3,2208.3,3118.6,2481.1,2095.4,5393.5,37.3,23761.9,39.6,1156
"75(1,D3)","POOL_P3_206",2564,2107.5,3415.8,2246.4,1845.6,2729.3,2548.2,4692.5,3457.7,1994.9,1837.7,2422.3,11661,75.8,26482.1,47.1,861
"76(1,D4)","POOL_P4_302",3457.4,2972.9,2462,2364.7,3758.2,2528.6,2631.7,2361.8,2608,3627.4,2737.9,2639.6,5168.1,44.2,20460.8,117.4,923
"77(1,D5)","CLIN-0195",48.8,125.2,79.5,24.7,4654.6,124.2,38.5,3944.3,7952.2,3863.4,40.2,47.5,3033,25.8,23379.6,43.4,805
"78(1,D6)","CLIN-0287",11332,78.4,32.4,11759.6,16170,206.8,6023.7,5783.7,8307.9,5003.8,4942.5,643.5,5059.9,36.5,26240.1,39.5,987
"79(1,D7)","CLIN-0196",82.3,118.9,8164,77.1,197.6,1026,64.4,133.3,95.5,144.9,34,18244.1,1877.1,44.8,29297,86.2,1310
"80(1,D8)","CLIN-0288",66.1,4915.8,98,8270.9,70.9,57.6,42.8,8143,73.7,93.6,107.1,64.1,1047.3,36.6,27160.3,61.5,1409
"81(1,D9)","CLIN-0197",55.8,5726.1,1506.7,65.9,3128.6,99.5,9888,74.4,62.2,97,89.2,2738.1,1381.4,31.2,23186.8,162,1092
"82(1,D10)","CLIN-0289",10684.1,85.7,6854.4,39.1,4089.6,81.8,1246.8,6629,1082.2,4353,4048.9,58.5,4958.3,74.6,28753,198.8,1373
"83(1,D11)","CLIN-0198",209.6,7153,1634.5,194.6,93.2,167.7,2463.5,2626.2,67.1,10884.7,1604.5,144.6,3589.3,33.7,19611.7,56.6,1340
"84(1,D12)","CLIN-0290",66.3,1406,16478.9,10392.7,1085.9,3461.1,110.1,35.2,51,1177.2,3794.4,4559.3,6646.6,27.6,19710.4,75.1,1201
"85(1,D13)","CLIN-0199",2851.4,9651.9,52.5,6632,7371.5,115.3,5472.8,55,5434.7,42.7,2437.6,47.8,2347.5,26,22071.9,79.2,1334
"86(1,D14)","CLIN-0291",3005.7,90,2639.4,90.9,2836.3,36.5,28590.1,7903.9,5364.8,1887,6125.7,3813.3,9733.2,38.8,25878.6,69,934
"87(1,D15)","CLIN-0200",9085.4,113.8,159.6,5805.4,70.1,110.7,1241.5,10853.8,93.8,1785.7,89,2566.6,12799.4,49.3,21914.5,74.4,927
"88(1,D16)","CLIN-0292",83.9,31.7,74.5,4846.3,3127,64.9,1228,100.8,150.6,10174.6,216,42.4,1934.6,73,22102.1,52.4,888
"89(1,D17)","CLIN-0201",7517.2,48.7,151.7,111.6,46.8,1245,23372.5,59.9,4228.1,2650,88.7,144,1356.3,45.3,20184.6,52.4,1315
"90(1,D18)","CLIN-0293",104,48,182.6,136,14022.5,158.3,4017.8,68.4,1519.6,2842.1,66,108,4543.8,21.9,24462.4,54.4,1086
"91(1,D19)","CLIN-0202",2627.3,62,6665.3,2838.2,66.9,7645.7,303.7,3801.6,147.3,46.4,80.4,48.6,5850.2,44.7,21424.4,54.5,1178
"92(1,D20)","CLIN-0294",57,1789.1,65.2,4353.3,6238.7,50.7,3023.4,58.5,87,1207.9,130.6,99.3,9431.7,62.8,19623.8,89.8,974
"93(1,D21)","CLIN-0203",57.1,81.6,2286.8,106.9,5330.7,78.7,131,39.1,125.8,85.1,78.4,57.4,1669.7,25.5,25512,53.2,1562
"94(1,D22)","CLIN-0295",134.9,2432,4105.2,4587.6,48.9,2951.6,9997.4,99.4,134.9,16969.8,183.4,82.8,4788.2,29.6,21766.6,29.9,1320
"95(1,D23)","CLIN-0204",90.5,67,157.4,44.1,83.9,9013.6,72.9,1841.1,70.3,1748.9,122.5,17.7,3207.4,17.2,25496.5,110.3,1411
"96(1,D24)","CLIN-0296",80.1,92,994.2,90.7,52.4,45.8,1982.1,54.5,128.7,5859.1,272.2,5982.8,2596.7,47.3,22623,69.3,1181
"97(1,E1)","CLIN-0021",321.2,3436.5,14094.1,119.4,78.7,126.5,130.7,1754.3,1474.8,4575.1,170.1,97.3,2715.3,41,24965.5,104.6,1149
"98(1,E2)","CLIN-0113",5501.1,9661.9,4947.3,64.3,263.7,18041.6,72.5,63.6,10124.5,56.3,9939.1,123.1,2724.1,39.5,28246.4,57.7,1063
"99(1,E3)","CLIN-0022",5806.1,119.7,43.5,67.9,5121.2,61.5,113,59.7,1365,49824,7490.7,11962,2705.8,13,17519.8,89.1,1138
"100(1,E4)","CLIN-0114",12816.2,873.8,821,2578.9,92.4,2052.9,39,86.7,54.2,4514.3,1648.7,101.3,3186.7,33.3,21441.4,71.4,801
"101(1,E5)","CLIN-0023",229.5,31.5,153,114.1,88.9,122.8,7070.3,93.9,13456.9,120.3,37.2,108.1,7400.8,52.2,23391.4,110.4,1444
"102(1,E6)","CLIN-0115",18447.4,8925.1,106.5,3593,3023,288.5,143.9,2027.9,50.8,229.6,1901.2,14518.4,2952.9,34.4,17145.5,85.2,1338
"103(1,E7)","CLIN-0024",8736.9,11703.2,2583.1,6506.1,69.6,116.6,73,5427.9,100.2,37.8,136.7,3945.7,2984.8,63.8,21700.5,107.2,821
"104(1,E8)","CLIN-0116",5611.2,151.4,74.3,56.6,88.8,64.6,101.4,182.3,80.9,99.8,1176.4,66.1,2137.6,47.4,25057.5,47.6,1320
"105(1,E9)","CLIN-0025",88,6815,133.5,4427.2,3907.9,4882.2,129,689.5,1815,208.5,3460.2,14843.5,10475.4,30.7,25453.5,44.6,998
"106(1,E10)","CLIN-0117",3101.4,7995.8,6924.3,52.7,5878.8,99.9,128.4,110.7,124.2,4603.9,12551.2,44.2,2059.3,54.8,24944.8,73.9,888
"107(1,E11)","CLIN-0026",88.1,159.3,78.9,87.8,102.9,199.7,115.3,153.8,7318.2,4766.6,68.4,3767.5,2127.5,50.1,26066,64.9,806
"108(1,E12)","CLIN-0118",66,69.5,103.8,71,111.5,5328.5,11139.8,36.2,90.6,2667.9,79,59.7,3574.5,44.7,23664.6,91.5,1268
"109(1,E13)","CLIN-0027",60.9,61.2,67.9,80,9362.8,67.9,5255.1,77.9,100.2,52.4,113.9,68,1928.1,32.6,22838,55.5,929
"110(1,E14)","CLIN-0119",41.2,5886,67.1,53.2,4106.5,57.9,57.1,2836.1,15483.8,63.5,141.2,76.2,3388.2,22,23742.2,102.9,972
"111(1,E15)","CLIN-0028",975.8,8230.5,137.4,2479.8,3778.9,4920.1,12431.6,76.7,45.9,2847.1,5403.5,92,3325.8,28.6,21609.4,48.9,1553
"112(1,E16)","CLIN-0120",52.3,55.6,47.6,96.4,56,1320.3,234.7,2579.5,58.7,8578.5,2194.3,51.9,2849.2,61.9,20052,74.5,1299
"113(1,E17)","CLIN-0029",11258.2,113.4,7778.5,5736,21.8,48.4,5554.9,20306.8,82.9,61.6,6812.6,166.8,8481.5,35.1,18379.5,45.4,1271
"114(1,E18)","CLIN-0121",77.4,60.9,5794,100.1,2751,108.2,2052.9,123,1092.6,39.3,3367.3,47.2,2980.1,46.5,23207.7,159.7,1250
"115(1,E19)","CLIN-0030",102.1,4023.1,66.2,9933.8,2081.9,104.8,46.7,3000.4,2467.1,2020.1,74.5,1332.5,3783,52,19004,59.2,1256
"116(1,E20)","CLIN-0122",1528.5,36.1,4618.7,85.6,167.5,13533.2,10319.1,30.1,300.5,96.9,125.8,128.1,6447.5,41.8,25721.8,67.6,827
"117(1,E21)","CLIN-0031",96.5,201.8,41.9,45.7,74.8,88.5,761.8,1047,46.9,1272.5,54.9,63.3,1110.9,28.4,25384.6,90.5,959
"118(1,E22)","CLIN-0123",6334.2,10132.3,10519.6,42.9,161.7,3290.4,56.2,15165.7,23432.5,102.3,74.1,46.8,1994.7,34.8,24316.5,77,1263
"119(1,E23)","CLIN-0032",6663.3,61.2,171,2766.6,14400,1475,16748.1,6238.1,20954.9,95.1,153,98.2,11585.2,31.8,20470.7,97.2,810
"120(1,E24)","CLIN-0124",141.1,67,132.7,5581.3,217.7,75.8,31,104.6,45.6,83.4,196.1,3110.3,6650.9,37.9,24469.5,48.7,1174
"121(1,F1)","CLIN-0205",5071.7,53,2836.1,4138.2,145.5,592,1471.8,55.5,57.8,39.4,2027.7,4139,3940.9,28.2,22589.9,80.7,1309
"122(1,F2)","CLIN-0297",72.2,3153.5,156,81,75.2,121.7,4407.9,3146.3,3946.2,1705.5,7266.2,5600.1,6935.9,18.7,28283,81.8,1096
"123(1,F3)","CLIN-0206",59,143.7,14890.9,3304.5,3746.6,43.7,57.5,1376.7,904.1,106,151.9,4612.5,5522.3,45.9,24902.1,91.2,1091
"124(1,F4)","CLIN-0298",3917,95.5,34,67.7,83.9,14425.9,4868.6,7641.2,21323.8,5564.7,93.8,111,11383.6,44.2,23276.7,78.7,949
"125(1,F5)","CLIN-0207",104.4,7290.4,35.4,145.9,62.7,113.9,314.1,5349.4,15056.1,32.1,72.4,140.2,7374.6,35.5,22286.5,45.2,1211
"126(1,F6)","CLIN-0299",3904.9,5942.4,101.7,66.9,1547.5,60,169.6,64.5,96.5,3652.6,35.1,1639,3862.7,84.5,23154,62.1,1448
"127(1,F7)","CLIN-0208",51.3,166.5,3186.9,65.2,686.5,41.8,62.4,14859,80.1,108.8,31.6,69.6,5678.6,41.1,26625.7,39.8,846
"128(1,F8)","CLIN-0300",147.2,2346.3,100.2,105.1,5143.1,77.6,59.8,97.5,146.4,116.7,7456.8,218.7,5395.2,35,16736.7,40.6,1111
"129(1,F9)","CLIN-0209",6295.1,736,953.4,109.4,2492.7,50,4611.7,2306.6,236.4,34,86,6384.3,6904.7,33.8,29209.4,68.4,1597
"130(1,F10)","CLIN-0301",150.7,126.8,71.7,2660.4,109.2,12903.6,4820.6,149.5,106.3,2289.6,3158.3,53.2,6015.6,31.1,24909.4,55.5,1368
"131(1,F11)","CLIN-0210",2520.3,99.1,201.3,3532.1,16357.2,7548.5,112.3,111.7,6741.2,165.9,16973.4,2456.7,1807.1,40.6,28266.8,58.5,1205
"132(1,F12)","CLIN-0302",15025.8,15016.2,5158.3,72.6,2518.6,99.1,187.7,137.4,2178.7,113.8,11987.3,113.4,7617.4,24.7,23329.6,52.7,1421
"133(1,F13)","CLIN-0211",976.9,4754.6,146.9,2546,2725.8,72.9,5148.8,5091.1,102,87.3,135.3,124.1,3063,26,28032,98,1362
"134(1,F14)","CLIN-0303",5926.7,98.8,6408.9,7009.8,1419.6,9110.2,90,3012.1,83.6,61.7,162.8,78.9,6013.8,41.9,23655.2,69.1,1080
"135(1,F15)","CLIN-0212",99.7,203.9,57.4,88.8,8965.8,55.5,101.5,797.9,147.2,79.7,29.1,112.7,3246.3,56.9,19694.6,108.5,1410
"136(1,F16)","CLIN-0304",143.3,52.7,104,5828.9,55.8,76,14127.9,2904.3,2272.5,1816.2,42,50.5,1894.5,41.2,26169,99.6,1575
"137(1,F17)","CLIN-0213",123.5,156.9,3067.1,60.4,73.7,4912.2,54,193.6,853.5,61.9,13688.1,100.1,2621.6,31.7,19953.4,62.2,1487
"138(1,F18)","CLIN-0305",3174.2,135.7,9727.5,1244.5,142.6,120.3,48.1,5794.1,10261.5,4567.8,73.8,1676.9,4420.6,45.7,21992.1,47.2,1514
"139(1,F19)","CLIN-0214",6913.6,7735.8,95,7121.5,9543.8,77.7,140.2,70,5640.2,4378.1,31.2,132.7,13879.2,28.6,19795.8,57.8,1481
"140(1,F20)","CLIN-0306",88.7,94.4,2401.1,128.6,84.9,73.2,51.6,4829.5,4006,153.1,122.6,180.4,5233,53.7,25813,72.8,1007
"141(1,F21)","CLIN-0215",114.4,5867.7,5220.9,102.9,928.8,113.1,79.1,1795.2,6624.9,128.9,1088.8,59.8,2820.7,82.4,24743,71.6,1066
"142(1,F22)","CLIN-0307",6089.7,62.5,86.4,170.3,72.8,4928.8,77.1,3189.3,157,4825.1,37.5,113.1,2315.1,22,24108.1,95.6,1045
"143(1,F23)","CLIN-0216",2272.4,181.3,11678.9,70.9,132.5,52.5,2802.5,62.7,6637.7,71,83.2,3550.1,1725.9,43.1,28697.4,51.9,1442
"144(1,F24)","CLIN-0308",222.9,2403.4,7052,8735.8,133,43.1,6480.3,1583.2,52.9,119.9,2583.5,125,16875.6,90.6,32426.4,58.6,1505
"145(1,G1)","CLIN-0033",79.5,81.1,19143.5,70.7,99.8,95.7,64.3,5156.7,9709.2,1202.1,8891,43.5,2661.5,31,25752.4,61.8,877
"146(1,G2)","CLIN-0125",103.8,6718.7,71.2,253.8,3186.9,53.6,4868.4,14530.9,5681.5,8039.9,1388.9,3170.1,2074.3,71.3,21318,89.2,872
"147(1,G3)","CLIN-0034",35.3,50,124.9,2371.7,38.6,58.9,121.9,21.7,79.6,77.5,118,51.6,1376.3,18.6,24410.7,70.9,1397
"148(1,G4)","CLIN-0126",4733.7,6614.8,2387.3,85.7,58.2,6659.7,138.1,2178.2,687.4,114.4,5340.1,64,16458,21.5,24085.9,55.6,1205
"149(1,G5)","CLIN-0035",2446,3524.5,61.1,3854,157.9,7151.5,99.8,78.9,80.2,6318.8,86.6,80.3,2107.4,18.9,20948.8,31.4,1522
"150(1,G6)","CLIN-0127",37.2,86.7,71,156.7,153.3,87,120.4,39.3,14463,91.7,3092,65.6,904.9,21.9,19275.6,87.8,1029
"151(1,G7)","CLIN-0036",63.1,2293.2,83.2,71.3,292.8,90.4,1785.1,1873.3,17153.7,1772.8,52.9,173,3070.5,55.5,21072,38.4,963
"152(1,G8)","CLIN-0128",298.3,124.6,126.7,10854.7,59.5,90.1,11525.1,66.5,8729.5,3072.9,7468.6,1545.2,5006.4,40.5,22870,62.6,1392
"153(1,G9)","CLIN-0037",12618.3,77.8,72.7,3216,131.2,1537.5,1703.1,7782.3,2681.9,156.1,32.2,74.2,6604.7,47.6,22101.4,84.8,972
"154(1,G10)","CLIN-0129",69.1,120.5,4934.2,11047.9,21946.5,3103.7,180.4,10901.8,2744.7,3474.1,6467.8,2304.6,5207.3,62.7,25965.1,52.5,1598
"155(1,G11)","CLIN-0038",2522.4,3723.5,1918,178.9,11688.3,8400.4,963.9,3441.4,101,40840.5,44.9,166.9,8253.7,43.8,21533.5,48.8,1431
"156(1,G12)","CLIN-0130",8753.5,116,2199.6,3892.3,2071.4,6936.8,6986.5,2147.6,93.5,6094.8,6520.8,2120,4693.1,32.7,24437.2,54.8,1229
"157(1,G13)","CLIN-0039",817.4,92.5,2709.7,57.9,905.8,75.6,35.4,136.4,63.5,129.7,144.8,9319.5,8608.8,30.1,19453.4,63.9,1511
"158(1,G14)","CLIN-0131",2693.9,96.7,80.4,57.6,849.2,57.7,84.7,195.2,81.1,4078.6,81.6,47.9,3739.3,102.9,28613.6,122.4,1302
"159(1,G15)","CLIN-0040",63.1,155.5,131.2,243.6,104.5,47.2,3459.3,97.1,172.1,91.8,4497.9,103.1,3223.2,43.6,18548.5,163.2,1318
"160(1,G16)","CLIN-0132",24.3,6023.9,31.9,11832.2,69,3031.3,5438.7,4289,91.6,6746.5,30551.6,75.8,2597,43.7,23454.9,124.2,1210
"161(1,G17)","CLIN-0041",76.9,46.7,146.6,89.2,3447.3,1956.3,35,112.1,112.8,4630.1,113.9,2550.7,4808.1,29.5,24859.9,95.4,1438
"162(1,G18)","CLIN-0133",16951.8,896.9,53.1,3528.4,37.2,30.1,138.1,36.1,5895.7,133.3,18394.2,2286.9,3554.6,13.6,23515.8,117.4,1560
"163(1,G19)","CLIN-0042",8987.4,2893.1,54.8,97.1,121.4,119.5,3984.9,119.4,92.3,263.4,183.8,69.1,4571.2,55.2,28804.9,128.4,1160
"164(1,G20)","CLIN-0134",45.7,197.8,1584.2,4778.1,18281.4,93.2,80.9,835.8,4098.3,71.6,2387.6,70.3,1623,104.7,27522.7,75.8,1377
"165(1,G21)","CLIN-0043",8876.8,81.2,5112.4,176.1,5576.5,146.4,66.7,1067.3,129.9,1632,225.3,82.7,4063.2,17.7,22829.1,52.9,1040
"166(1,G22)","CLIN-0135",85,3439.7,85.3,4223.7,63.4,3106.8,32.9,90.3,28.2,67,17584,82.1,1567.6,26.4,20025.3,41.4,1028
"167(1,G23)","CLIN-0044",3993.1,16970.3,108.2,50.1,52.9,6098.3,2092.3,6884.6,1603.3,1273.8,8395.3,7201.9,2532.8,28,24649.6,73,1413
"168(1,G24)","CLIN-0136",633,986.8,134.4,1554.5,2973.4,3390.4,130.1,36.8,2149.4,78,56.4,107,3145.3,23.4,19048.4,92.8,1226
"169(1,H1)","CLIN-0217",7346.7,43.3,1176.6,96.8,12934.7,102,3494.1,109,50.7,43,124.1,2193.9,2337.2,35.3,21650.9,78.2,1151
"170(1,H2)","CLIN-0309",59.8,37.4,51.7,47.4,65.6,2174.6,91.9,58.4,209.2,4661.2,187.8,8064,7736.6,20,26771.9,70.6,1003
"171(1,H3)","CLIN-0218",66.5,104.6,178.4,24197.4,11451.7,965.8,38.2,43,7306.7,35.5,99.4,3556.6,4153.2,21.4,24177.5,104,954
"172(1,H4)","CLIN-0310",3517.2,75.2,1031.8,8602.9,81.4,1255.9,1324.9,5911.3,221.2,2834.1,1397.1,81.3,3252.2,49.8,27338.1,126.5,1105
"173(1,H5)","CLIN-0219",7069.2,1306.9,154.2,275.9,46.7,6678.7,91.4,102.6,14034.3,57.6,119.6,139.1,5121.3,34.9,20768.5,100.2,1457
"174(1,H6)","CLIN-0311",93.4,95,51.9,3563.4,65.1,2325.3,1833.1,73,29.5,12284.7,1615,5012.3,3300.1,34.4,18246.2,58.5,1553
"175(1,H7)","CLIN-0220",57.7,69.1,4332.8,6247.8,4967.1,6454.6,6586.8,3548,1618,85.1,1661.9,129.9,2359.8,57.2,28543.2,76.8,1546
"176(1,H8)","CLIN-0312",81.5,2051.3,1518.3,1783,168.3,68.3,67.7,160.4,6175.5,1614.9,8147,318.1,943.9,71.3,18363.5,45.2,825
"177(1,H9)","CLIN-0221",9189.6,6142.5,8491.7,2470.1,986.8,104.8,62.7,106.2,67.9,2025.7,47.2,97.7,3857.2,21.7,22734.9,60.5,1037
"178(1,H10)","CLIN-0313",55.4,96.3,124.2,3033.2,94.5,167.7,66.4,4229.4,5083,1462.6,4359.6,42.7,2241.2,19.7,23373.4,50.6,1224
"179(1,H11)","CLIN-0222",76.4,5470,52.3,3302.8,1551.7,106.5,257.2,2250.9,93.4,5768.8,3358.8,1917.9,3651,58.1,26243.3,71.1,1242
"180(1,H12)","CLIN-0314",99.9,103.9,1373.8,87.1,66.1,87.3,99.4,34.5,3719.3,34.7,12739,1066.8,4574,35.3,18809.4,49.6,1324
"181(1,H13)","CLIN-0223",30.2,2178,39.6,2878.3,13415.4,69.3,2074.7,23263.1,36.8,31.7,161.2,132.8,5167.7,24.1,27817.4,67.3,1128
"182(1,H14)","CLIN-0315",58.6,4513,147.5,108.3,70.2,95.9,67.5,3940.3,57.5,77.6,88.2,1796.9,7002.1,43.5,21537,67.7,1207
"183(1,H15)","CLIN-0224",278.9,1815,4819.8,7571.1,4702.6,90.8,1010.8,63.1,121.6,95,105.5,12068.6,2181.3,19.1,23458.7,64.9,1340
"184(1,H16)","CLIN-0316",100.6,3803.3,19069.9,2226.7,68.7,89.4,98.2,32,2410.6,81.5,132.2,96.3,2485.1,22.9,20218.3,107.7,1188
"185(1,H17)","CLIN-0225",5620.1,98.4,1681.6,2047.3,2688.2,42.9,177.4,68.6,10151.3,68.6,3608.2,5302.7,5795.1,43.1,26180.2,64.6,1455
"186(1,H18)","CLIN-0317",89.8,6101,91.1,69.3,46.7,87.2,121.2,6912.4,5333.7,40.5,50.7,98.7,4783.6,30.2,21944.9,30.8,1181
"187(1,H19)","CLIN-0226",2194.2,3687.7,155.4,58.1,4262.8,8236.5,4660.1,76.9,75.7,95.5,1780,95.6,2742.4,48.5,24014,56.9,1575
"188(1,H20)","CLIN-0318",1813.8,5548.5,97.5,2271.4,11291.9,88.4,50.6,56.2,75.2,74.5,766.9,38.4,735.4,40.9,16427.7,95.9,1484
"189(1,H21)","CLIN-0227",81.8,1191.5,146.6,6961.6,110.4,6769.6,115.5,160.3,5759.6,81.6,65,39.6,3924.7,42.6,25618.1,72.6,1515
"190(1,H22)","CLIN-0319",112.6,75.9,170.4,40.4,64.6,84.3,3363.4,158.5,6157.3,53.1,4785.3,82.8,3798,54.7,24309.9,108.4,1594
"191(1,H23)","CLIN-0228",61.5,5736.7,108.7,121,120.7,6969.7,42.1,62.4,4208.7,6648.6,157.8,90.3,5825.2,32,24927.5,89.1,1256
"192(1,H24)","CLIN-0320",5577.9,8885.5,20.5,122.4,59,1332.9,8722,119.8,13160.5,1123.3,1762.9,5974.7,6098.1,20.2,23288.3,39,1012
"193(1,I1)","CLIN-0045",81.2,977.5,8042.8,57.5,7574.8,59.7,206.4,14495.9,178.6,148.5,3546.7,62,2791.3,68,24911.8,36.7,1346
"194(1,I2)","CLIN-0137",2750.6,88.5,139.2,5402,4008.7,114.6,2495.3,2445.6,94.6,145.5,65.1,5014.1,2421.2,21.1,24372.2,57.9,872
"195(1,I3)","CLIN-0046",59.7,81.6,51.5,99.7,1043.6,3623.5,10538.9,9856.9,95.5,27.3,33.5,4732.5,5874.9,29.6,16094.9,144.9,898
"196(1,I4)","CLIN-0138",2495.6,63.3,122,39.6,182,70.4,6207.3,33.5,3228.8,2488.6,206.6,7960.9,2805.1,32.9,22395.9,90.2,1071
"197(1,I5)","CLIN-0047",107.2,162.1,7792.5,8606.3,49.8,6668.8,1135.4,6415.1,79.7,29.9,119.2,1115.9,2851.8,50.7,19958.6,87.7,1594
"198(1,I6)","CLIN-0139",6399.8,5123.9,1948.9,1234,115.6,1582.7,53.9,58.1,104.5,90.8,81.8,75.1,3053.9,23.2,32116.9,64.5,874
"199(1,I7)","CLIN-0048",99.3,70.1,35.9,170.2,173.5,2177.6,103.5,179.3,6497,49.3,43.7,87.8,2044,51.4,24122.6,42.6,1146
"200(1,I8)","CLIN-0140",4344.9,95.1,5889.9,2299.8,51.6,5385.2,72,3001.4,16900.3,11850.2,52.6,2539.3,1694.1,17.9,20659.2,166.6,1484
"201(1,I9)","CLIN-0049",52.3,15229.7,105.5,118.9,196,57.3,85.3,7326.5,91,2013.1,68.9,206.6,5059.6,25.6,21683.8,60.4,1457
"202(1,I10)","CLIN-0141",3508.1,2700,1185.4,7137.9,90.3,58.5,8089.3,102.1,37.8,2980.6,155.6,60.8,1537.8,45.8,28742.4,66.4,861
"203(1,I11)","CLIN-0050",89.2,88.9,172.9,2751.7,106.6,5529.1,45.6,206.8,68.2,3589.1,2472.8,6894.3,6496.1,30.3,23436.6,43.8,1130
"204(1,I12)","CLIN-0142",173.8,100.8,54.3,4972.1,61.5,167.8,17873.1,80.9,7788.7,86.6,96.9,137.5,1022.3,44.6,23549.7,110.3,1206
"205(1,I13)","CLIN-0051",103.7,27.3,60.4,3286.5,144.7,2541.7,5116,110.7,6798.9,110.1,122.4,14101.5,3116,34.4,17845.8,87.3,1206
"206(1,I14)","CLIN-0143",90.3,19105.8,5607,74.9,5224.5,77.9,81.7,7959.2,99.8,2786.2,2023.2,6333.2,2304.7,55.4,30019.3,86.6,1301
"207(1,I15)","CLIN-0052",152,4348.6,4455.5,33.3,3267.5,17243.9,6166.6,66.2,3961.8,7314.1,154.5,118.9,2641.1,49.4,23663.9,63.6,1258
"208(1,I16)","CLIN-0144",88.4,5786.5,38.8,16979,4944.3,7290.5,54.5,945.6,79.8,59,70.8,3831.8,1816,31.9,23440.3,54.2,836
"209(1,I17)","CLIN-0053",84.2,10855.4,64.2,111.8,3043.9,260.8,89.7,61.2,65.9,90.9,115.7,129.1,3649.6,54,23516.8,72.1,1476
"210(1,I18)","CLIN-0145",5167.1,99.1,90,13844.2,634.8,108.8,98.3,2802.3,86.6,951.3,3089.5,254.4,1115.7,46.7,23569.4,43.3,1521
"211(1,I19)","CLIN-0054",12489.7,55,3352.3,75,77.3,1423.4,4301,103.4,61.6,2354.6,122.7,1616.5,5373.8,28,17391,49,1116
"212(1,I20)","CLIN-0146",36.7,107.7,46,1091.6,152.4,10812.1,74.5,58.7,110.3,81.2,954.6,198.2,2822.3,22.6,30108.5,65.3,1430
"213(1,I21)","CLIN-0055",3202,105.2,1759.5,34.3,79.9,2328.5,105.2,8920.1,93.6,80.9,43.1,141.7,5259,29.3,25814.7,77.8,1068
"214(1,I22)","CLIN-0147",3827.7,14829.6,2417,63.9,93,133.9,87.7,78,6670.7,67.1,101.3,143.2,3135.3,65.8,28892.8,56.5,1512
"215(1,I23)","CLIN-0056",80.4,1415.8,105.3,6728.6,3632.6,11647.2,33,4951.1,2885.9,127.9,4984.7,95.3,2288.6,38.8,21099.5,114.1,939
"216(1,I24)","CLIN-0148",56.5,20383.2,52.7,142.8,86.8,57.2,33848.8,7345.7,112.2,72.6,7023.3,2376.3,23170.2,24.4,22406.5,107.4,1361
"217(1,J1)","CLIN-0229",4929.3,56.9,96.3,106.3,1442.2,3203.8,21111.2,52.4,211.6,147.6,7447.4,5841.6,10042.9,37.7,24274.7,41.8,853
"218(1,J2)","CLIN-0321",1954.6,9167.5,12680.6,933.5,1323.3,260.2,111.5,127,2144.7,1323.9,163.2,1254.1,5641,18.5,26839.7,56.4,1269
"219(1,J3)","CLIN-0230",6660.9,141,2054.4,1780.5,61.1,87.5,51.7,1334.4,89.5,78.6,297.5,1784.7,4696.6,65,31660.1,85.9,1343
"220(1,J4)","CLIN-0322",8825,5789.1,59,4787.6,90.1,50.2,2150.9,18366.1,142.3,66.3,4916.1,33.4,1446.7,66.7,23117.5,61.7,1443
"221(1,J5)","CLIN-0231",39.9,56.1,3525.6,56.9,136.5,3111.5,2010.3,3167.5,88.6,4701.3,70.1,56,1506.7,37.4,26163.6,39.3,841
"222(1,J6)","CLIN-0323",5533.4,5270.7,105.6,748.4,45.5,5259.5,5569.7,81.4,8693.9,119.5,13831.6,4814.5,18935.5,32.1,26260.5,70.6,1302
"223(1,J7)","CLIN-0232",63.8,186.7,2257.9,57.4,887.1,12845.1,71.3,84.6,4396.8,3616.5,8407.8,2149.3,3927,47,23349.4,64.3,1457
"224(1,J8)","CLIN-0324",5728.7,5979.9,44.3,2267.8,3880.9,10469,42.3,83.9,1196.4,2854,8558.4,56.8,4018.8,41.8,28916.9,110.3,887
"225(1,J9)","CLIN-0233",2799.7,6501.5,89.5,43.2,9357.1,166.4,4884.8,61.9,3671.3,9516.2,10206.3,9913.1,3853.7,20,18868.5,77.4,1108
"226(1,J10)","CLIN-0325",5924,36.6,3751.7,57.4,2915.6,1310.7,77.1,45.4,48.3,192.6,2586.8,7262.8,3344.7,29.5,25112.7,122.7,1367
"227(1,J11)","CLIN-0234",71.7,49.4,24302.5,2560.9,3714.1,145.8,82.8,23675.4,3310.9,65.6,89.7,1373.2,8088.9,25,22402.8,50.7,1494
"228(1,J12)","CLIN-0326",81.5,14425.9,12741.1,2220.4,8835.7,42.8,117.6,39.1,147.7,2539.9,3695.1,152.6,1004,34.4,23933.2,67.1,1280
"229(1,J13)","CLIN-0235",148.9,1895.1,84.4,5891.8,67.6,55.7,3981.6,7339.6,674.1,145,18491.2,14172.2,2376,35.3,21723.2,163.4,1126
"230(1,J14)","CLIN-0327",4018.7,72.4,100.3,79.4,136.9,5640.3,4224.5,2665.1,5401.3,95.3,79.3,57.5,8431.2,50,27390.1,46.6,1381
"231(1,J15)","CLIN-0236",130.4,68.8,59.2,9580.2,9837.6,139.6,76.7,50.7,83.4,218.9,5709.8,86.3,1143.9,77.4,22604.4,61.6,1494
"232(1,J16)","CLIN-0328",5084.5,8004.7,88.6,67.9,2800.2,4897.1,10638.4,111,44.5,112.4,10887.8,109.6,1263.5,44.9,17767.3,44.4,1515
"233(1,J17)","CLIN-0237",174.7,4367.7,1851.4,39.3,56.3,70.4,12858.6,1962.3,73.2,96.2,113.4,199.7,4648.7,37.9,23883.9,98.1,1524
"234(1,J18)","CLIN-0329",88.5,91.9,62.3,3477.3,6935.9,44.6,3556.2,2516.6,1635.4,123.6,108.3,4945.6,6138.3,44.4,17579.7,51.3,889
"235(1,J19)","CLIN-0238",1775.8,235.4,77.2,136,77.7,179.5,72.5,1547.6,610.8,11136.9,8622.4,8518.6,7140.1,45.6,28991.6,115.9,1568
"236(1,J20)","CLIN-0330",4430.3,130.7,1286.8,100.9,7367.6,80.2,2475.7,8642.8,5959.8,91.3,6398.8,112.2,2340,26.1,20477.5,103.4,1306
"237(1,J21)","CLIN-0239",7809.8,69.6,41,219.2,65.6,7551.7,1051.9,100.1,72.3,59.2,184.6,85,3524.1,23.5,24847.3,80.4,1424
"238(1,J22)","CLIN-0331",88.7,51.9,3447.4,3299.1,8128.7,3301.5,83.5,110.8,48.3,6955.4,55.3,15224.2,3727.1,77.8,25712,73.1,811
"239(1,J23)","CLIN-0240",11232,2023.2,180.7,78.1,1518.7,61.1,62.2,4455,63.9,397.1,108.4,153.7,2155.6,22.4,24858.7,160.8,1350
"240(1,J24)","CLIN-0332",78.9,122.1,141.7,76.7,83.4,2645.6,2134.8,73,254.6,48.3,24.1,37061.2,4209,54,26961.8,109.3,1352
"241(1,K1)","CLIN-0057",9493.1,81.4,1355,4040.3,29.2,124.4,63.5,103.5,67.9,3375.1,51,80.6,5349.1,33.2,22644.1,123.2,1289
"242(1,K2)","CLIN-0149",47.3,5832.8,1421.2,1729.4,2093.3,20188.2,47.1,4834.5,159.1,57.2,109.2,95.8,2213.8,96,19935.4,101.1,1593
"243(1,K3)","CLIN-0058",45.3,40.4,154.1,8146.7,3923.5,100.2,31.1,77.9,50,64.3,62.9,753.9,2579.5,101.4,27456.9,72,1303
"244(1,K4)","CLIN-0150",123.1,1576.1,81.2,137.6,6398.4,104,44.1,2024.1,75.9,59.5,2516,4396.5,2594.1,53.1,19860.8,112.2,946
"245(1,K5)","CLIN-0059",156.6,2085.5,49.5,77.2,43.2,147.7,2458,6434,8264.8,56.4,108.9,74,3515.4,67.5,23494.5,131.5,1344
"246(1,K6)","CLIN-0151",55.6,118.6,105.4,3136.2,6127.1,59.2,10875.4,2988.8,7671,83.5,49.8,63.4,6008.4,53.1,20853.7,70.8,1049
"247(1,K7)","CLIN-0060",5925.4,1466.2,44.6,2679.3,149.2,148.8,1073.5,140.9,1211.1,174.8,6543.4,63.6,2202.3,43.5,27044.6,55.8,1364
"248(1,K8)","CLIN-0152",93.6,22190.1,71,66.4,26.7,1849.1,3904.2,3858.9,121.8,65.3,1741,3722.3,4976.4,44.8,21814.4,51.1,1450
"249(1,K9)","CLIN-0061",32.9,52.9,141.3,113.1,2927,22702.3,1727.6,2706.1,105.1,4371.2,93.5,175.3,2569.5,77.7,19312.2,46.7,1440
"250(1,K10)","CLIN-0153",13976.7,924.1,941.3,42.6,13852.6,54,87.9,6764.1,7416.4,41.8,4331.7,66.5,6259.3,66.8,15086.1,89.8,1335
"251(1,K11)","CLIN-0062",7523.1,3953.5,57.3,10239.9,3890.2,164.8,87.9,61.3,1171.2,46.5,7609,4122.8,2045.5,87.9,21716.3,50.6,1131
"252(1,K12)","CLIN-0154",111.4,103.3,87.4,94,105.7,62.2,6939.9,3340.9,14881.9,82,2573.9,4104.8,5417,35.8,22896.8,53.4,1340
"253(1,K13)","CLIN-0063",2739,147.3,205.7,4549.8,91.8,6947.1,113.5,9198.9,78.5,89,10283,122.2,7517.7,32.5,25836.8,51.7,1510
"254(1,K14)","CLIN-0155",50,5248.9,9845.1,3228.9,1928.4,59.2,78,73.5,14153.5,82.6,58,79.1,2567.9,47.2,29134.7,84.3,1525
"255(1,K15)","CLIN-0064",7333.4,80.5,45.9,70.3,14423.8,681.2,65.3,1433.9,5252.3,2520.9,49.3,88.9,1114.3,38.4,30342.4,114.9,1306
"256(1,K16)","CLIN-0156",109.8,180.6,8760.2,87,74.7,101.4,64.9,199.4,236.1,63.6,21361.5,44.4,3434.7,60.3,21966,54.4,1565
"257(1,K17)","CLIN-0065",83.5,281.3,2846.8,419.8,55,29.9,253.3,61.5,1428.3,138.8,5456.2,152.9,2725.4,39.8,25406.8,104.4,1409
"258(1,K18)","CLIN-0157",36.4,11146.5,57,9735.9,1099,11183.6,95.1,222,82.9,66.5,301.9,58.2,3574.2,67,23017.1,77.5,1270
"259(1,K19)","CLIN-0066",53.5,115,9411.2,4286.2,82,3664.4,45.8,58.5,97.2,180.9,165.4,38.1,1979.1,81.3,21340.3,102.7,1374
"260(1,K20)","CLIN-0158",79.4,87.5,76,194.6,2566.3,962.6,63.4,7014.9,175.4,73.4,14350.4,89.2,4499.9,59.6,21189.1,72.6,884
"261(1,K21)","CLIN-0067",182.4,124.1,60.1,2570.8,3637.8,217.2,72.4,6427.9,98.7,23837.2,53.8,101,1806.8,24.4,25773.7,169.5,816
"262(1,K22)","CLIN-0159",53.2,4278.7,4292.4,201.6,138.5,4847,29.7,53.7,219.3,2147.3,172.5,166.2,1576.3,38.1,26401.5,66.4,1505
"263(1,K23)","CLIN-0068",5102.4,74.4,76,60.3,2947.9,1221.8,18093.3,155.6,141.4,108.8,108.7,107.5,3805.4,27.6,22476.9,59,1018
"264(1,K24)","CLIN-0160",71,30.7,120.4,143.3,165.1,102.8,12598.2,1703.3,118,3838.8,1854.8,49.9,4720.8,69.9,20992.3,54.2,1280
"265(1,L1)","CLIN-0241",121.2,116.4,838,62.2,1513.8,11945.3,97.2,7787,11954.7,5872.1,6497.8,2083.6,2477.3,41.8,21128.6,58.9,1182
"266(1,L2)","CLIN-0333",47.6,136.9,68,4231.7,268.8,11065.1,76.9,62.2,9549.7,1616.9,158.7,56.5,6872.9,40.9,19034.1,55.6,1571
"267(1,L3)","CLIN-0242",2392.1,4232.9,123.1,63.9,82.5,1513.3,8790.4,90.7,2240.9,516.4,2143.5,8119.2,7371.9,55.9,24016.3,45,1268
"268(1,L4)","CLIN-0334",52.8,155.7,69,79.3,301,7542.4,43.1,10357.1,1887.1,61.8,61.3,40.4,5555.6,35.9,30223.6,56.7,1444
"269(1,L5)","CLIN-0243",1935.8,6937.8,4376.2,97.9,117.9,221.2,5222.6,62.7,7476.7,3457.9,181.2,1873.8,9916.8,54.4,20348.7,74.8,895
"270(1,L6)","CLIN-0335",6763,69.1,103.6,7816.8,47.4,122.6,3401.5,151.8,82.5,1858.3,2230.3,2625.3,6278.9,60.1,24372.2,71.7,1222
"271(1,L7)","CLIN-0244",24493.7,138.7,124.8,1804.3,125.1,98.2,1553.5,2995.1,2672,131,5455.7,84.2,15888.1,45.9,25082.1,82.3,1229
"272(1,L8)","CLIN-0336",57,96.1,83,105.3,1767.9,96,2453.4,148,120.5,61.3,13324.3,719.7,2113.7,73.2,21962.2,83.8,1560
"273(1,L9)","CLIN-0245",29.4,4688.7,59.5,72,72,132.8,104.7,79.4,1140.7,74.4,241.4,1181.2,3184.9,49.1,26172.7,66.3,960
"274(1,L10)","CLIN-0337",3082.3,3087.5,1271.1,9308.3,57.1,166.2,1687.4,45.4,64,33.1,114.1,65,1227.4,21.5,26046.8,71.3,1089
"275(1,L11)","CLIN-0246",137.5,813.5,38.4,2242.5,119.5,103.6,8107.4,4910.8,116.3,2568.5,12669.4,1611.3,6550,59,21000.2,76.3,993
"276(1,L12)","CLIN-0338",140.9,179.4,9108.2,51.7,47.8,105.1,76.1,3944.5,218.2,44.9,8170.9,77.1,7768.1,30.5,18987.1,27.1,1577
"277(1,L13)","CLIN-0247",1340.3,90,9254,5551.9,2634.6,3016.1,154.6,1665.3,3046.3,66.3,13675.9,125.4,1279.1,50.3,27221.2,35.2,1044
"278(1,L14)","CLIN-0339",93.7,64.6,99.6,49.9,2326.8,1257.3,166.8,117.5,46.1,5044.1,810.7,33.3,5109.9,46.3,18739.8,39.4,811
"279(1,L15)","CLIN-0248",45,4995.8,49.3,58,4470.9,42.4,8257.5,5245.2,13690.3,2191,184.2,49.1,5301.1,40.1,17150.1,75.8,1189
"280(1,L16)","CLIN-0340",1607.5,115.1,104.9,142.7,16326,161.5,37.8,3768.7,174.3,2311.2,101,202.7,5775.1,39.5,25990.8,114.9,1351
"281(1,L17)","CLIN-0249",100.3,2586.4,83.7,1699.9,66.9,2289.2,107.4,16410.5,106.8,42,5849.4,7524.7,3266.4,30.9,23721.2,66.2,1069
"282(1,L18)","CLIN-0341",4947,4087.6,2848.2,31.5,3104.3,5625.7,151.8,58.4,4917.8,4933.7,49.9,3813.5,1466,33,24124.9,60.2,906
"283(1,L19)","CLIN-0250",794.3,156.5,155.6,107.3,6829.7,1814.6,3518.5,2397.7,71.9,75.1,150.9,91.8,2394,31.7,19295.9,61,997
"284(1,L20)","CLIN-0342",7552.1,30867.5,1594.9,78.6,117.5,1638.1,97.5,81,39.9,90.9,4517.6,8266.8,11530.7,56.4,22771.5,80.7,1432
"285(1,L21)","CLIN-0251",6547.2,8457.3,17364,1662.9,30361.5,2330.2,77.9,68.7,120.1,7264.3,341.4,22145.3,3424.2,36.9,22854.1,64.8,824
"286(1,L22)","CLIN-0343",58.4,3195.2,2183.2,1896.8,1253.8,92.6,99.4,6100.4,7992.7,79,10154.4,56.4,3584.8,21.7,19827.4,88.2,1010
"287(1,L23)","CLIN-0252",61.1,75.7,55.3,7137.4,13556.7,25.1,3057.3,80.4,85,9706.8,81.9,12022.6,3159.9,27.2,21258.8,64.5,1155
"288(1,L24)","CLIN-0344",96.3,57.8,104.9,6654,83.9,67.9,604.3,61.4,100.5,50.3,12213.5,765.5,2679.7,55,26298.8,129.6,1520
"289(1,M1)","CLIN-0069",140.8,79.9,80.8,5490.4,70.1,102.3,2574.8,53.1,2569.7,4284.9,46.9,140.7,1860.9,20.3,17128.9,41.6,1066
"290(1,M2)","CLIN-0161",64.6,102.2,2366.7,3293.2,44.9,2681.1,86.9,10884.4,106.5,96.6,90.9,5514.8,1419.2,20.8,24921.3,48.9,1112
"291(1,M3)","CLIN-0070",44.7,91.1,48.7,21997.4,146.5,3711.4,97.2,2510.2,4987.6,39.2,3137.8,4014.7,2326.9,20.4,24450.8,61.6,1485
"292(1,M4)","CLIN-0162",9268.6,158.1,172.4,35.6,12209.6,67.9,2100.9,13324.6,1617.4,8267.4,793.8,146.3,3443,13.2,20831.7,31.8,831
"293(1,M5)","CLIN-0071",92.9,3066.3,5348.9,80.2,3623.1,4297.8,62.5,2702,74.5,134.4,42.7,291.5,4516,43.7,19372.2,57.1,834
"294(1,M6)","CLIN-0163",8528.9,19312.4,47.9,5291.1,105.7,4419.9,3860.4,129.5,58.9,120.4,3481.2,83.5,1416.7,36,23960.8,93.3,1136
"295(1,M7)","CLIN-0072",1887.8,115.7,95.7,42.3,15559.5,7016.4,100.9,87.2,18116.6,113.4,82.4,112.5,2383.6,79.1,26035.8,91.7,1300
"296(1,M8)","CLIN-0164",113.4,180.9,2339.3,35.9,2081.4,80.3,5128.9,4102.7,15559.4,66.7,3381.4,4397.5,3107.8,30.8,16013.2,79.7,1088
"297(1,M9)","CLIN-0073",8277.9,2844,4915.3,48.2,17309.2,123.1,87.4,204.4,2576.2,6159.7,53.4,4611.9,1760.1,32.9,35802.9,82.8,1092
"298(1,M10)","CLIN-0165",13490.4,98.1,50.5,1468.1,81.8,16456.7,125.6,91.1,54.6,83.4,157.9,4682.9,5502.9,70.8,38496.5,90.2,1083
"299(1,M11)","CLIN-0074",5190.1,41.5,2456.4,237.4,6167.9,99.2,92.7,60,87.6,213.3,1116.3,3826.2,6037.1,52.2,32312.6,125.7,1531
"300(1,M12)","CLIN-0166",111.3,1381.4,166.5,1834.1,247.2,5971.8,84.2,107.3,68.4,2326.9,2383.2,68.4,5790.3,41.8,18274.6,74.9,1373
"301(1,M13)","CLIN-0075",63,2162.9,1601.6,3418.6,69.1,587.9,174.9,2746.9,79.9,47.3,1700.3,135.6,1542.1,23.6,19609.1,71.2,935
"302(1,M14)","CLIN-0167",121.8,133.1,1779,148,94,1122.4,66.8,30.5,83.5,48.8,1797,42.7,5319.9,21.8,17099.8,83.6,1556
"303(1,M15)","CLIN-0076",564.3,183.7,126.8,2639.4,33.1,60.1,158.9,13350,47.4,88.3,7503.5,188.9,3835.6,20.8,28720.6,62.6,1515
"304(1,M16)","CLIN-0168",73.2,2029.9,6166.4,3865,11795.9,73.6,79.2,66.9,40,45.6,94.7,209.5,8768.6,32.6,19923.5,52.8,1182
"305(1,M17)","CLIN-0077",105.9,89.5,97.2,14243.1,51.4,65.8,1520,5308.9,120.4,43.2,21467.9,3800.4,4644.9,23,20873.1,129.3,1498
"306(1,M18)","CLIN-0169",13097.3,52.2,60.5,69.6,3507.2,59.8,93.2,4477.2,2330.1,45.5,2584.8,103.3,2770.3,39.7,23013.5,78.1,1109
"307(1,M19)","CLIN-0078",106,118.8,117.4,39.4,98.6,71.4,7044.9,4537,48.3,4632,93,109.1,3644.5,28.2,23513.6,69.2,1593
"308(1,M20)","CLIN-0170",2053,6047.2,1959.2,4243.7,87.9,2145.9,55.1,6342.6,6413,3189.4,2932.3,4374.7,2837.9,31.5,27847.3,118.9,1029
"309(1,M21)","CLIN-0079",58.1,1143.3,95.4,125.2,57.3,70.1,10143.5,1584.5,63,80.6,52.8,2256.3,3566.3,35.7,26700.2,47.2,867
"310(1,M22)","CLIN-0171",20.7,71.4,75.5,1845.5,95.8,8246.4,40.3,66.6,116.5,4701.3,2064.8,43.8,2954.6,35.1,18375.2,50.8,1579
"311(1,M23)","CLIN-0080",177.3,115.8,6866.2,94,109.6,49.3,63.4,64.5,159.6,2165.6,119.9,49.9,1813.8,26,28039.6,142.7,1153
"312(1,M24)","CLIN-0172",45.1,8647.4,1269.8,48.5,3346.9,149.7,119.4,23.5,358.6,135.1,147.2,34.5,8760.2,30.8,20583.8,28.5,1419
"313(1,N1)","CLIN-0253",72.6,116.4,93.7,116.4,156.8,106.2,74.2,54.9,62.5,2988.7,14927,85,5966.5,36.2,25626.6,55.6,1160
"314(1,N2)","CLIN-0345",175.2,127.4,127.1,4130.7,77.9,82.3,69.9,5801.5,6167.8,89.4,44.3,7967.9,9674.7,40,17261.4,64.1,1416
"315(1,N3)","CLIN-0254",99.5,4796.1,25.5,9535,9311.5,75,4609.5,185.5,78.6,2846.5,3671.3,130.1,2462.8,39.8,18323.2,61.6,1388
"316(1,N4)","CLIN-0346",1972.6,5322.2,131.6,191.4,3383.8,107.8,149.3,41.3,7506.3,59.1,63.7,75.6,2072,61.4,21600.1,45.5,1428
"317(1,N5)","CLIN-0255",76.5,198.3,1538.7,56.1,64.2,82.5,530.6,1106.1,60.5,2523.8,88.7,55.4,3160,50.5,21442.4,78.6,808
"318(1,N6)","CLIN-0347",27845.1,121.1,59.1,59.3,73.4,7851.1,1253.6,4303.6,4022.7,130.8,9122.6,96.1,2997.3,62.2,22682.1,90.1,929
"319(1,N7)","CLIN-0256",125.7,14600.5,104.8,2883.3,2865.9,37.4,130.5,1666.3,3267.4,120.1,70.3,2939.2,1527.5,42.1,26204.3,126.4,1240
"320(1,N8)","CLIN-0348",82.5,64.8,67.4,8167.8,89.1,6600.3,2065.1,4043.2,37,75.7,125.1,94.3,6275.5,48.1,20612.9,34.9,832
"321(1,N9)","CLIN-0257",164.3,66.4,127.2,130.7,83,51.3,115.8,35.6,5977.9,3737.9,3044.6,57.6,2283,57,21776.9,41.4,1469
"322(1,N10)","CLIN-0349",88.3,9333,97.8,2317.4,3824.1,82.7,114.3,2143,4834.8,82.3,142.8,3566.7,1002.6,37.2,24938.1,80.7,1508
"323(1,N11)","CLIN-0258",77.2,42,103.7,34.4,75.6,5431.4,5021.5,40.9,2429.6,84.9,11242.3,6332,2363,22.7,19380.2,36.1,1046
"324(1,N12)","CLIN-0350",88.8,734.7,64.5,4547.5,38.1,5631.2,122.6,4206.1,305.5,61.4,217,49091.9,5697.1,36,24402,60.5,1225
"325(1,N13)","CLIN-0259",2931.2,46.6,108.1,52.4,82.2,117.4,22.1,4396,3198.2,301.2,108.8,10189.2,3819,44.1,22863.3,39,1019
"326(1,N14)","CLIN-0351",92.1,1616.3,50.9,7281.1,58,60.9,1817.3,12676.3,4436,7150.8,132.4,86.3,3087.8,42.9,18359.7,62.8,1097
"327(1,N15)","CLIN-0260",1251.7,125.3,54.2,87.5,140.2,488.3,1497.1,5203.5,62.4,4348.1,2692.8,91.3,8932.2,23.8,23585.5,49.9,1194
"328(1,N16)","CLIN-0352",85.7,7385.4,4212.1,164.1,202.1,7767.8,145.1,82.1,2235,75.6,55.7,8927.7,3222.9,68.7,21920.9,43.5,1103
"329(1,N17)","CLIN-0261",144.9,2808.1,11020.2,86.5,1932.1,81.5,2671.9,98.6,54.3,154,127.2,5505.9,2605.1,57.7,29114.2,63.7,1471
"330(1,N18)","CLIN-0353",13160,8895.3,80.2,50.7,9641.7,84.7,56.6,152.3,105.7,113.1,2958.5,396.1,3792.7,27.8,23669.7,92.2,1347
"331(1,N19)","CLIN-0262",4085,2686.7,11775.1,206.6,17477.3,49.8,83.5,96.6,2693,68.7,96.3,2301.9,3496.7,50.3,16885.3,93.8,1178
"332(1,N20)","CLIN-0354",112.6,1497.2,38.3,63.3,21583.3,70.5,4595.7,131.7,103.4,111.3,4956.2,60.1,3581.5,36.9,26102.1,112.5,947
"333(1,N21)","CLIN-0263",6913.1,5879.9,6295.1,23057.6,1821.4,128.6,88.7,3343,1627.5,64.3,2716.7,5936.4,3262.1,44.6,19868.9,124.4,847
"334(1,N22)","CLIN-0355",4295.7,6580.2,5648.6,146,41.2,147.7,107.8,46.9,83,46.8,73.4,84.8,4933.6,17.4,26963.5,109,806
"335(1,N23)","CLIN-0264",68.7,49.8,91,100.1,3949.1,8644.1,86.1,6775.2,40.8,60.4,3599.7,93.8,2779.4,43.6,20913,57.3,1137
"336(1,N24)","CLIN-0356",4885.7,70,82.4,60.9,2389.8,2770.4,2300.1,6213.4,2276.3,149.1,2126.5,136.2,5588.4,53.5,28001.9,60.3,935
"337(1,O1)","CLIN-0081",93.6,11887.4,2989.1,115.1,147.9,108.5,5086.1,1806.4,65.3,47.7,78.5,45.2,14154.5,29.4,21535.3,67.4,1259
"338(1,O2)","CLIN-0173",11426.3,35.8,1342.6,75.4,147.8,180.8,109.3,4178.7,4188.2,2710.3,102.9,93.5,4303,28.7,23167.6,33.3,1526
"339(1,O3)","CLIN-0082",5088.8,97.3,5889.7,284.6,121.5,110.3,93.6,71.1,2499.6,1871.5,162.2,163.1,4676.4,43.2,23782.2,73.1,1369
"340(1,O4)","CLIN-0174",94,2190.1,8577.7,6934.5,36.4,11157.8,32.4,13393.2,3582.6,76,110.7,3036.6,4831,55.4,24749.5,89.9,1237
"341(1,O5)","CLIN-0083",11963.4,6788.1,127.8,1577.7,2874.1,48.7,10004.1,57.5,129.8,4614,184.5,56.3,2888.5,29.1,20530,44.5,1141
"342(1,O6)","CLIN-0175",5708.3,221.6,77,1814.9,3516.7,130.3,1678.6,138.4,3297.8,31.8,11151.8,52.9,4511.8,39.4,26083.5,42.5,937
"343(1,O7)","CLIN-0084",71.7,132.4,83,2957,2404.5,83.7,164,2287.9,1569.1,2577.4,3466.3,25365.2,5555.8,70.9,21137.8,71.2,1044
"344(1,O8)","CLIN-0176",2151.6,190.5,11287.3,64,74.3,5683.9,96.8,2537.2,261.7,51.4,4389.7,49.1,2698.5,35.3,24175.4,108.8,1097
"345(1,O9)","CLIN-0085",4456.1,124.5,166.7,60.3,31.3,2122.8,182.8,67.1,14606,2583.3,127.9,4715.1,6010,56.2,20187.7,68,1043
"346(1,O10)","CLIN-0177",50.6,59.9,1040.9,64.1,2028.2,71.2,3096.7,49.8,5180.9,97.9,7916,17255.3,3480.7,31.6,22597.7,109,1467
"347(1,O11)","CLIN-0086",88.7,76.8,115.7,191.4,17420.9,5878.8,251.9,53.1,3165.8,100.2,4048.3,131.2,4904.7,18.4,24986.4,94.4,1238
"348(1,O12)","CLIN-0178",70.7,92.2,18212.2,77.6,5209.5,3008.3,60.8,8450.3,90.5,116.7,2016.5,51.2,11050.7,33.2,21207.9,89.2,917
"349(1,O13)","CLIN-0087",2276.4,34.5,20790.8,9859,122.7,57.6,1915.5,163.3,46.8,177.5,7245.9,9382.8,2813.7,22,24209.2,81.8,1024
"350(1,O14)","CLIN-0179",3118.2,177.1,48.8,41.2,10610.4,125.6,72.5,4481.1,35,126.6,21868.2,71.8,3822.7,41.3,27140.7,63.4,1082
"351(1,O15)","CLIN-0088",320.8,59.5,122.7,2137,4352.2,3300.7,43.9,86,122.4,7801.7,50.9,139.3,2438.3,57.5,25883,27.1,1206
"352(1,O16)","CLIN-0180",55.5,65.2,62.8,22613.9,69.2,7843.7,14523.1,54.6,5377.4,64.3,3162.6,145.7,3301.9,44.2,22827.9,51.7,1367
"353(1,O17)","CLIN-0089",3209,83.4,58.3,5925.4,162.6,48.9,5925.3,92.3,20170.1,86.8,35.3,92.3,4110.4,40.5,27516,75.3,1416
"354(1,O18)","CLIN-0181",11089,1694.3,4443.1,2170.6,9691.4,80.6,123.2,85.9,1789.9,167.4,102.2,15566.5,6575.9,65,18491.1,110.7,1479
"355(1,O19)","CLIN-0090",106.8,146.2,5344.6,18155,142.6,43.7,7785.8,68.6,117.9,2772.6,76.1,165.7,3658.2,24.8,19791.3,112.4,1486
"356(1,O20)","CLIN-0182",64.4,72.6,4528,110.3,70.6,37.6,109.1,27.7,2222.2,113.6,2653.6,117.4,8101.5,27.5,19369.3,86,1370
"357(1,O21)","CLIN-0091",2706.7,11084.2,88.1,3501.3,157.6,169.8,1847,69,7068,967.2,52.5,59.1,4816.3,32.4,18879.1,93.9,949
"358(1,O22)","CLIN-0183",8439.6,58.7,12825.6,22424.8,115.8,96.3,57.3,16957.2,6601.3,14257.5,9114,39.4,6990.8,60.7,22815.5,38.8,940
"359(1,O23)","CLIN-0092",1945.4,6279.3,74.8,1795.9,61.4,151.8,73.2,1526.8,6781.9,1803,113,98.3,1250.2,46.2,23074.2,82.7,1564
"360(1,O24)","CLIN-0184",48.8,55.5,2064,142.9,126.9,98.5,63.4,16178.6,1201.7,110.6,1711.7,36.8,4611.5,54.1,23775.7,125.2,803
"361(1,P1)","CLIN-0265",71.4,40.3,5576.7,2608.5,257.6,2324.1,10834.9,106.4,115.5,61.7,3572.4,163.1,2674.3,20.7,27457.2,163.9,1273
"362(1,P2)","CLIN-0357",163.8,6745.9,8878.2,60.3,65.4,1033.8,8345.7,1996.5,118.3,10355.3,3028.5,78.9,4701.7,24.1,28236.2,80.4,1357
"363(1,P3)","CLIN-0266",1376.2,88.8,69,561.6,115.5,142,7821.6,1108.3,49.4,70.7,71.7,140.8,1878.9,37.9,19814.5,52.8,1457
"364(1,P4)","CLIN-0358",105.3,135.7,1942.6,157,4012.8,80.8,83.3,960.5,162,238.3,122.8,39.5,4609.5,39.7,18600.7,57.7,914
"365(1,P5)","CLIN-0267",50.1,53.9,121.4,45.5,2864.6,70,75.5,5502.2,59.2,102.9,35.7,1480.1,1981.4,32.2,24119.5,95.9,1563
"366(1,P6)","CLIN-0359",2556.9,91.8,5084.2,87.8,57.4,85,52.3,6649.4,47.9,51.2,2353,85.4,4796.1,49.7,25628.3,54.1,1072
"367(1,P7)","CLIN-0268",101.3,73.7,2334.1,39523.4,1904.6,115.2,1600,3808,57,6554.2,85.3,2299.6,2895.9,35.8,20798.7,57.1,1196
"368(1,P8)","CLIN-0360",100.1,94.3,68.2,156.2,5560.9,14646.7,551.1,3393.9,130.9,178.8,4582,8989.4,4618.7,13.3,18946.1,134.5,1014
"369(1,P9)","CLIN-0269",41.4,2911.3,101.3,193.5,76.2,30.2,108,59.6,103.5,28.3,96.2,4020,2660.1,80.4,23168.3,64.9,859
"370(1,P10)","CLIN-0361",4683.8,69.2,139.6,767.3,3742.7,130.5,47.3,65.9,87,64.8,7709.7,4440.5,4288.2,49.5,16796.3,57.1,1407
"371(1,P11)","CLIN-0270",123.9,9181.1,74.6,151.9,1777.9,40.2,140.9,66.4,109.4,210.4,144.4,138,7645.2,79.8,22940,44.6,1493
"372(1,P12)","CLIN-0362",86.2,50,2506.5,93.8,16721.7,8577.8,166.7,4611.7,65.2,119.6,53.8,115.8,3542.6,115.8,20945,81.7,842
"373(1,P13)","CLIN-0271",3577.1,829.6,16362.4,175.2,47.1,4696.3,1251.2,4920.1,52.3,25820.1,2436.5,124,9028.5,35.1,33543.4,52.3,915
"374(1,P14)","CLIN-0363",73.7,13390.6,9363,1681,6392.8,5008.5,17409.8,85.1,1879.9,44.8,70.9,52.1,3352.9,30.5,21723,44.1,847
"375(1,P15)","CLIN-0272",7905.7,28.2,8620.2,70.6,119,89.1,57.6,84.8,43.7,98.8,113.6,1635.7,6013.7,32.5,24827.5,134.5,1241
"376(1,P16)","CLIN-0364",1711,97.9,8602.7,1852.5,3017.4,5228.2,118,573.5,13180.6,48.2,90.9,4659.5,8492,53.3,23162.8,98.6,1431
"377(1,P17)","CLIN-0273",123.4,61.4,42326.9,51.7,91.5,61,7959.2,11076.3,6530.5,83.2,68.2,1133.1,7922.5,12.5,24953.4,75.2,1429
"378(1,P18)","CLIN-0365",8652.3,57.8,94.8,345.9,60.8,37.2,1414.9,5110.5,2877.1,58.7,30.7,194,5178.1,45.1,23467.5,32.9,1548
"379(1,P19)","CLIN-0274",68.6,7916.6,55.4,77.1,63.2,5792,62.5,73.5,46.6,1876.1,79.6,126.6,1645.4,38.6,22394.4,36.9,1408
"380(1,P20)","CLIN-0366",1322.5,1208.2,2442.8,128.4,181,94.9,1700.8,3038.5,123.2,165.6,3278.3,76.5,2804,42.2,27192.9,30.5,1368
"381(1,P21)","CLIN-0275",9455.7,79.8,156.6,5177,15596.8,93.4,50.5,3686,63.2,134.1,65.2,77.5,7133.4,54.7,28756.8,47,1488
"382(1,P22)","CLIN-0367",143.6,227.4,68,2491,60.5,1559.7,29369.4,129.2,3439.1,2745.4,2358.9,4844.9,2371.1,40.1,24424.9,61.1,1588
"383(1,P23)","CLIN-0276",137.5,2149.6,49.8,18148.7,2059.8,5826,2389.2,74.6,104.8,84.1,1763.8,2404.3,3347.3,60.3,19915.6,127.4,1309
"384(1,P24)","CLIN-0368",5089.4,9567.9,61.5,3554,116.3,129.3,182,1312.5,49.4,7725.1,66.3,104.4,938.3,27.8,19073.5,92.4,1390
""
"-- CRC --"
